humedad_suelo,humedad_ambiente,temperatura_ambiente,temperatura_suelo,Riego
567.0,93.6,31.2,29.7,0
567.0,93.6,31.2,29.7,0
307.0,74.6,30.5,29.0,1
308.0,76.6,30.4,28.9,1
308.0,76.6,30.4,28.9,1
307.0,77.1,30.3,28.8,1
307.0,76.5,30.3,28.8,1
307.0,78.1,30.3,28.8,1
307.0,78.8,30.3,28.8,1
307.0,78.8,30.3,28.8,1
308.0,77.5,30.2,28.7,1
307.0,77.6,30.2,28.7,1
307.0,77.6,30.2,28.7,1
307.0,78.7,30.2,28.7,1
307.0,78.5,30.2,28.7,1
307.0,78.5,30.1,28.6,1
307.0,78.9,30.1,28.6,1
307.0,80.4,30.1,28.6,1
307.0,78.9,30.1,28.6,1
307.0,77.6,30.0,28.5,1
307.0,79.7,30.0,28.5,1
307.0,78.9,30.0,28.5,1
307.0,77.3,29.9,28.4,1
307.0,77.0,29.8,28.3,1
307.0,77.9,29.7,28.2,1
307.0,77.8,29.6,28.1,1
306.0,79.1,29.6,28.1,1
306.0,80.6,29.6,28.1,1
306.0,78.7,29.5,28.0,1
306.0,80.6,29.5,28.0,1
307.0,79.7,29.5,28.0,1
307.0,81.3,29.4,27.9,1
306.0,79.2,29.4,27.9,1
306.0,79.8,29.4,27.9,1
306.0,80.7,29.4,27.9,1
306.0,80.7,29.4,27.9,1
306.0,79.2,29.5,28.0,1
307.0,79.1,29.5,28.0,1
307.0,79.9,29.6,28.1,1
306.0,81.9,29.6,28.1,1
306.0,79.1,29.7,28.2,1
306.0,75.6,30.3,28.8,1
306.0,76.7,30.2,28.7,1
306.0,76.2,30.2,28.7,1
306.0,74.7,30.2,28.7,1
306.0,75.8,30.2,28.7,1
306.0,75.7,30.2,28.7,1
587.0,95.0,31.2,29.7,0
587.0,95.0,31.2,29.7,0
309.0,94.4,25.9,24.4,1
284.0,92.6,26.0,24.5,1
310.0,95.0,26.0,24.5,1
297.0,95.0,25.9,24.4,1
281.0,98.2,25.9,24.4,1
265.0,92.7,25.9,24.4,1
228.0,80.4,28.9,27.4,1
225.0,80.9,28.8,27.3,1
314.0,79.9,28.8,27.3,1
532.0,96.3,30.2,28.7,0
209.0,95.7,25.8,24.3,1
212.0,95.0,25.7,24.2,1
214.0,93.7,25.8,24.3,1
204.0,95.0,25.8,24.3,1
204.0,93.7,25.8,24.3,1
204.0,97.7,25.8,24.3,1
587.0,97.7,25.9,24.4,0
587.0,88.5,27.4,25.9,0
215.0,88.4,27.5,26.0,1
215.0,87.5,27.5,26.0,1
214.0,84.6,27.5,26.0,1
215.0,86.8,27.5,26.0,1
213.0,83.9,27.4,25.9,1
215.0,80.8,27.4,25.9,1
214.0,83.6,27.5,26.0,1
213.0,81.5,27.5,26.0,1
213.0,86.3,27.5,26.0,1
215.0,82.3,27.4,25.9,1
213.0,86.3,27.5,26.0,1
268.0,78.3,28.8,27.3,1
265.0,78.2,28.8,27.3,1
265.0,78.9,28.8,27.3,1
267.0,77.9,28.8,27.3,1
268.0,78.1,28.8,27.3,1
265.0,79.0,28.8,27.3,1
265.0,78.9,28.8,27.3,1
266.0,77.0,28.8,27.3,1
268.0,78.5,28.7,27.2,1
265.0,77.6,28.7,27.2,1
265.0,78.5,28.7,27.2,1
265.0,78.5,28.7,27.2,1
268.0,81.2,28.8,27.3,1
265.0,80.5,28.7,27.2,1
265.0,80.0,28.7,27.2,1
266.0,78.6,28.7,27.2,1
265.0,78.3,28.7,27.2,1
265.0,79.8,28.7,27.2,1
265.0,78.3,28.7,27.2,1
268.0,79.0,28.7,27.2,1
266.0,78.3,28.6,27.1,1
265.0,78.5,28.7,27.2,1
265.0,78.0,28.7,27.2,1
268.0,77.1,28.7,27.2,1
265.0,79.6,28.7,27.2,1
264.0,79.0,28.7,27.2,1
265.0,79.5,28.6,27.1,1
268.0,79.0,28.6,27.1,1
266.0,79.3,28.6,27.1,1
264.0,79.0,28.6,27.1,1
265.0,78.5,28.6,27.1,1
268.0,79.0,28.6,27.1,1
265.0,78.3,28.6,27.1,1
589.0,76.8,28.5,27.0,0
589.0,77.6,28.5,27.0,0
264.0,78.5,28.5,27.0,1
265.0,77.6,28.5,27.0,1
268.0,78.1,28.5,27.0,1
264.0,77.0,28.5,27.0,1
264.0,78.0,28.5,27.0,1
265.0,77.8,28.5,27.0,1
268.0,78.5,28.5,27.0,1
266.0,77.3,28.5,27.0,1
264.0,79.5,28.5,27.0,1
264.0,78.6,28.4,26.9,1
268.0,78.0,28.4,26.9,1
266.0,77.9,28.4,26.9,1
264.0,78.3,28.4,26.9,1
587.0,95.0,29.7,28.2,0
587.0,95.0,29.7,28.2,0
268.0,95.0,25.2,23.7,1
268.0,89.1,27.4,25.9,1
268.0,90.1,27.4,25.9,1
228.0,95.0,25.2,23.7,1
228.0,95.0,25.2,23.7,1
230.0,95.0,25.3,23.8,1
228.0,95.0,25.3,23.8,1
230.0,95.0,25.3,23.8,1
227.0,95.0,25.3,23.8,1
227.0,95.0,25.2,23.7,1
229.0,95.0,25.2,23.7,1
229.0,95.0,25.2,23.7,1
227.0,95.0,25.2,23.7,1
232.0,83.8,28.6,27.1,1
230.0,82.6,28.6,27.1,1
230.0,82.3,28.7,27.2,1
233.0,82.8,28.7,27.2,1
230.0,81.6,28.7,27.2,1
231.0,82.0,28.8,27.3,1
235.0,82.8,28.7,27.2,1
229.0,83.2,28.6,27.1,1
237.0,82.6,28.5,27.0,1
233.0,80.5,28.6,27.1,1
230.0,79.1,28.7,27.2,1
238.0,77.4,28.8,27.3,1
231.0,79.5,28.8,27.3,1
231.0,62.7,30.0,28.5,1
231.0,62.5,30.0,28.5,1
237.0,63.2,30.0,28.5,1
231.0,62.2,30.0,28.5,1
231.0,61.7,30.0,28.5,1
237.0,62.0,30.0,28.5,1
232.0,62.2,30.0,28.5,1
232.0,63.5,29.9,28.4,1
235.0,64.0,29.9,28.4,1
234.0,65.7,29.9,28.4,1
232.0,65.5,29.9,28.4,1
229.0,65.2,29.9,28.4,1
232.0,66.3,29.9,28.4,1
213.0,83.7,28.9,27.4,1
502.0,84.8,28.9,27.4,0
502.0,89.0,27.6,26.1,0
215.0,96.0,27.6,26.1,1
212.0,87.8,27.6,26.1,1
214.0,96.5,27.6,26.1,1
213.0,93.0,27.5,26.0,1
203.0,86.9,29.0,27.5,1
213.0,86.9,29.0,27.5,1
195.0,86.7,29.0,27.5,1
196.0,86.0,28.9,27.4,1
196.0,86.3,28.9,27.4,1
196.0,85.8,28.9,27.4,1
196.0,86.0,28.9,27.4,1
196.0,85.8,28.9,27.4,1
196.0,85.8,28.9,27.4,1
196.0,85.8,28.9,27.4,1
196.0,85.8,28.9,27.4,1
196.0,85.8,28.9,27.4,1
196.0,85.8,28.9,27.4,1
196.0,85.8,28.9,27.4,1
196.0,85.8,28.9,27.4,1
196.0,85.8,28.9,27.4,1
196.0,85.8,28.9,27.4,1
196.0,85.8,28.9,27.4,1
196.0,85.8,28.9,27.4,1
196.0,85.8,28.9,27.4,1
196.0,85.8,28.9,27.4,1
196.0,85.8,28.9,27.4,1
196.0,85.8,28.9,27.4,1
196.0,85.8,28.9,27.4,1
196.0,85.8,28.9,27.4,1
196.0,85.8,28.9,27.4,1
196.0,85.8,28.9,27.4,1
196.0,85.8,28.9,27.4,1
196.0,85.8,28.9,27.4,1
196.0,85.8,28.9,27.4,1
196.0,85.8,28.9,27.4,1
196.0,85.8,28.9,27.4,1
196.0,85.8,28.9,27.4,1
196.0,85.8,28.9,27.4,1
196.0,85.8,28.9,27.4,1
196.0,85.8,28.9,27.4,1
196.0,85.8,28.9,27.4,1
196.0,85.8,28.9,27.4,1
196.0,85.8,28.9,27.4,1
196.0,85.8,28.9,27.4,1
196.0,85.8,28.9,27.4,1
196.0,85.8,28.9,27.4,1
196.0,85.8,28.9,27.4,1
196.0,85.8,28.9,27.4,1
196.0,85.8,28.9,27.4,1
196.0,85.8,28.9,27.4,1
196.0,85.8,28.9,27.4,1
196.0,85.8,28.9,27.4,1
196.0,85.8,28.9,27.4,1
196.0,85.8,28.9,27.4,1
196.0,85.8,28.9,27.4,1
196.0,85.8,28.9,27.4,1
196.0,85.8,28.9,27.4,1
196.0,85.8,28.9,27.4,1
196.0,85.8,28.9,27.4,1
196.0,85.8,28.9,27.4,1
196.0,85.8,28.9,27.4,1
196.0,85.8,28.9,27.4,1
196.0,85.8,28.9,27.4,1
196.0,85.8,28.9,27.4,1
234.0,88.7,28.3,26.8,1
235.0,87.2,28.3,26.8,1
232.0,88.4,28.3,26.8,1
232.0,88.4,28.3,26.8,1
232.0,88.4,28.3,26.8,1
232.0,88.4,28.3,26.8,1
232.0,88.4,28.3,26.8,1
232.0,88.4,28.3,26.8,1
503.0,83.7,28.9,27.4,0
503.0,84.8,28.9,27.4,0
214.0,89.0,27.6,26.1,1
558.0,96.0,27.6,26.1,0
558.0,87.8,27.6,26.1,0
214.0,96.5,27.6,26.1,1
213.0,93.0,27.5,26.0,1
203.0,86.9,29.0,27.5,1
213.0,86.9,29.0,27.5,1
195.0,86.7,29.0,27.5,1
196.0,86.0,28.9,27.4,1
196.0,86.3,28.9,27.4,1
196.0,85.8,28.9,27.4,1
196.0,86.0,28.9,27.4,1
196.0,85.8,28.9,27.4,1
196.0,85.8,28.9,27.4,1
350.63,89.26,25.68,24.18,0
593.6,82.62,28.01,26.51,0
614.17,67.22,26.44,24.94,0
381.92,65.63,25.63,24.13,0
337.84,91.66,23.93,22.43,0
149.23,70.05,27.04,25.54,1
579.4,66.28,24.13,22.63,0
510.37,95.0,30.48,28.98,0
374.74,70.82,31.49,29.99,0
412.72,64.37,23.37,21.87,0
639.71,76.16,29.08,27.58,0
629.05,75.2,25.4,23.9,0
223.87,92.44,25.95,24.45,1
612.43,64.7,30.96,29.46,0
415.65,63.19,18.99,17.49,0
181.55,63.25,19.22,17.72,1
300.66,91.65,18.28,16.78,0
518.43,75.73,29.66,28.16,0
638.19,65.27,28.89,27.39,0
182.84,80.78,30.18,28.68,1
473.6,78.82,31.7,30.2,0
513.31,66.94,29.19,27.69,0
280.18,81.11,24.46,22.96,0
558.85,71.91,28.93,27.43,0
179.93,68.34,19.66,18.16,0
259.01,77.86,26.96,25.46,1
120.28,70.21,20.01,18.51,0
411.59,67.77,31.23,29.73,0
272.79,90.79,25.31,23.81,1
165.28,65.45,23.81,22.31,0
630.91,69.82,21.7,20.2,0
235.23,73.51,28.84,27.34,1
449.05,69.58,24.39,22.89,0
277.45,67.37,25.96,24.46,1
466.55,86.99,18.26,16.76,0
499.49,71.52,26.65,25.15,0
540.84,63.94,26.57,25.07,0
291.52,78.93,26.64,25.14,1
147.41,64.39,31.21,29.71,1
617.22,72.51,27.55,26.05,0
682.19,90.86,23.03,21.53,0
634.01,72.92,24.12,22.62,0
167.91,82.14,27.77,26.27,1
575.38,78.01,18.84,17.34,0
401.88,64.82,27.33,25.83,0
486.63,82.72,27.39,25.89,0
474.79,89.96,20.95,19.45,0
430.32,63.26,19.8,18.3,0
511.55,86.38,22.42,20.92,0
477.47,84.16,23.09,21.59,0
454.57,90.33,25.98,24.48,0
202.84,63.64,24.14,22.64,1
621.66,70.7,31.84,30.34,0
557.03,84.3,19.43,17.93,0
679.33,60.77,20.92,19.42,0
579.21,85.69,20.26,18.76,0
457.86,90.03,27.14,25.64,0
651.96,75.87,21.55,20.05,0
499.47,75.2,24.53,23.03,0
299.88,69.75,21.42,19.92,0
221.79,60.18,20.23,18.73,1
470.5,66.52,19.55,18.05,0
546.98,94.3,27.19,25.69,0
598.01,90.36,19.93,18.43,0
285.47,69.33,20.75,19.25,0
643.16,93.73,23.16,21.66,0
455.22,72.87,29.49,27.99,0
539.39,70.42,19.36,17.86,0
588.72,65.35,29.73,28.23,0
660.14,91.56,19.35,17.85,0
288.19,94.54,31.67,30.17,1
347.63,71.46,24.56,23.06,0
641.98,84.62,31.67,30.17,0
604.0,71.74,26.47,24.97,0
351.5,63.67,28.35,26.85,0
391.06,73.74,18.55,17.05,0
535.95,79.3,21.96,20.46,0
155.52,64.31,19.68,18.18,1
333.04,88.64,22.15,20.65,0
239.61,77.41,19.66,18.16,0
420.9,68.2,22.45,20.95,0
567.82,80.75,23.8,22.3,0
195.36,87.76,18.9,17.4,0
692.31,71.47,27.69,26.19,0
390.92,84.55,25.93,24.43,0
568.35,74.98,21.72,20.22,0
324.4,93.74,25.33,23.83,1
403.12,86.98,19.32,17.82,0
679.62,72.47,26.06,24.56,0
520.35,60.62,31.01,29.51,0
134.88,83.01,22.46,20.96,0
254.55,66.93,27.34,25.84,1
270.37,64.27,19.85,18.35,1
676.17,92.61,28.03,26.53,0
566.35,95.0,22.05,20.55,0
513.61,69.45,20.56,19.06,0
160.4,70.56,26.21,24.71,1
586.21,65.77,18.28,16.78,0
225.37,76.02,29.61,28.11,1
206.29,90.3,18.07,16.57,0
623.93,84.55,27.49,25.99,0
122.92,89.62,21.78,20.28,0
156.7,68.0,28.29,26.79,1
653.26,85.57,31.47,29.97,0
265.9,92.15,21.48,19.98,0
569.12,69.85,26.07,24.57,0
501.16,84.17,26.29,24.79,0
185.09,74.02,26.01,24.51,1
581.06,70.16,21.12,19.62,0
240.29,93.94,31.34,29.84,1
523.35,72.2,24.26,22.76,0
340.89,63.77,29.85,28.35,1
435.96,73.6,27.79,26.29,0
668.8,75.67,22.16,20.66,0
270.32,86.33,29.39,27.89,1
294.64,93.25,23.55,22.05,0
289.66,88.6,30.34,28.84,1
334.61,92.58,26.14,24.64,1
454.44,76.63,30.34,28.84,0
584.15,85.18,27.7,26.2,0
638.01,70.82,28.15,26.65,0
155.49,62.44,25.02,23.52,1
497.06,72.79,31.39,29.89,0
463.59,84.43,27.02,25.52,0
468.54,69.61,23.93,22.43,0
580.13,90.15,26.49,24.99,0
663.96,87.68,18.27,16.77,0
553.99,66.79,22.22,20.72,0
219.54,71.58,27.24,25.74,1
673.7,88.89,22.06,20.56,0
621.82,68.54,26.65,25.15,0
293.8,71.61,24.0,22.5,0
190.91,72.01,19.9,18.4,0
587.47,88.04,22.18,20.68,0
686.28,61.3,25.98,24.48,0
193.94,62.58,26.27,24.77,1
497.79,80.25,26.04,24.54,0
125.71,73.9,27.14,25.64,1
140.59,82.15,27.13,25.63,1
575.41,69.33,24.04,22.54,0
593.04,91.84,30.55,29.05,0
322.62,86.63,23.15,21.65,0
379.82,62.37,24.1,22.6,0
572.1,87.44,30.49,28.99,0
617.47,93.94,29.29,27.79,0
280.14,92.99,27.85,26.35,1
574.89,85.74,19.4,17.9,0
236.51,64.33,30.87,29.37,1
379.46,80.16,28.0,26.5,0
536.96,69.95,31.98,30.48,0
517.76,93.96,20.09,18.59,0
411.33,85.11,30.15,28.65,0
508.53,81.38,20.27,18.77,0
149.31,84.33,26.62,25.12,1
287.2,75.33,19.73,18.23,0
245.44,73.05,29.87,28.37,1
167.44,92.75,29.3,27.8,1
240.46,71.62,25.97,24.47,1
618.82,61.45,23.7,22.2,0
639.84,74.03,18.97,17.47,0
429.2,87.66,27.76,26.26,0
400.95,82.7,24.35,22.85,0
388.64,93.68,28.11,26.61,0
676.25,63.72,30.13,28.63,0
665.67,91.9,31.66,30.16,0
245.56,72.91,29.98,28.48,1
175.1,76.59,18.16,16.66,0
151.54,75.0,23.04,21.54,0
327.44,64.08,28.22,26.72,1
362.17,68.67,20.4,18.9,0
263.65,85.98,25.29,23.79,1
653.73,60.81,18.76,17.26,0
605.55,64.69,20.8,19.3,0
551.79,60.88,18.26,16.76,0
400.66,90.01,29.11,27.61,0
634.17,81.61,21.13,19.63,0
668.21,65.95,22.83,21.33,0
634.85,86.91,30.99,29.49,0
271.59,93.84,27.86,26.36,1
621.25,92.71,18.45,16.95,0
323.21,92.25,20.31,18.81,0
191.5,60.27,26.7,25.2,1
551.3,80.62,26.08,24.58,0
589.15,68.98,21.33,19.83,0
692.33,79.76,31.08,29.58,0
398.96,71.13,26.6,25.1,0
265.59,65.38,25.5,24.0,1
157.93,75.56,26.26,24.76,1
359.65,77.33,28.22,26.72,0
454.91,94.64,22.37,20.87,0
407.97,61.48,23.58,22.08,0
214.42,70.54,20.94,19.44,0
335.5,89.82,20.61,19.11,0
652.39,83.09,31.22,29.72,0
386.39,88.93,28.35,26.85,0
417.09,83.11,24.87,23.37,0
393.71,86.58,21.18,19.68,0
343.13,77.25,21.56,20.06,0
155.16,67.17,18.81,17.31,0
252.93,88.35,24.08,22.58,0
410.0,79.87,22.37,20.87,0
458.97,64.88,27.75,26.25,0
397.32,88.17,23.29,21.79,0
331.06,93.55,20.51,19.01,0
586.03,72.12,18.35,16.85,0
522.96,70.27,18.94,17.44,0
668.34,62.86,27.51,26.01,0
136.09,83.26,24.35,22.85,0
551.57,93.56,25.51,24.01,0
155.6,64.76,30.55,29.05,1
288.77,76.98,31.86,30.36,1
651.92,63.44,21.04,19.54,0
569.71,61.19,27.28,25.78,0
503.97,83.26,21.69,20.19,0
351.82,90.37,18.29,16.79,0
148.9,71.81,28.62,27.12,1
270.95,90.65,22.48,20.98,0
398.9,64.1,23.37,21.87,0
365.21,68.33,26.24,24.74,0
385.72,91.56,29.63,28.13,0
137.58,77.8,26.81,25.31,1
487.18,81.29,30.22,28.72,0
381.56,61.33,21.83,20.33,0
129.74,64.49,29.17,27.67,1
664.74,61.95,20.6,19.1,0
234.67,91.68,31.34,29.84,1
218.36,64.72,27.62,26.12,1
557.95,89.74,21.02,19.52,0
322.22,72.29,31.26,29.76,1
474.7,88.02,28.23,26.73,0
123.46,72.78,21.56,20.06,0
370.23,69.37,20.99,19.49,0
134.4,63.28,25.25,23.75,1
241.55,69.82,18.36,16.86,0
232.94,76.5,20.9,19.4,0
683.14,88.61,23.95,22.45,0
295.4,75.84,23.24,21.74,0
606.77,94.0,24.49,22.99,0
364.04,78.96,21.89,20.39,0
620.04,60.87,26.21,24.71,0
504.42,74.54,30.09,28.59,0
124.11,84.11,19.65,18.15,0
184.73,68.2,25.24,23.74,1
138.18,84.45,19.85,18.35,0
172.46,77.63,28.04,26.54,1
247.78,60.9,23.54,22.04,1
575.64,87.1,25.92,24.42,0
545.53,79.61,20.57,19.07,0
261.93,62.89,20.03,18.53,1
346.45,76.63,24.83,23.33,0
618.5,70.06,22.98,21.48,0
161.95,90.79,31.17,29.67,1
447.59,69.97,28.71,27.21,0
186.72,92.96,28.48,26.98,1
696.55,79.11,30.65,29.15,0
376.15,71.33,19.17,17.67,0
650.86,88.47,25.73,24.23,0
208.73,84.41,26.18,24.68,1
694.38,74.49,31.47,29.97,0
154.4,82.04,22.09,20.59,0
154.17,87.25,21.37,19.87,0
597.48,89.8,19.4,17.9,0
570.42,88.57,18.23,16.73,0
263.8,65.81,31.01,29.51,1
263.17,88.99,27.38,25.88,1
394.14,62.05,28.99,27.49,0
667.29,67.01,21.94,20.44,0
483.01,81.8,26.21,24.71,0
602.87,64.01,18.9,17.4,0
622.92,81.12,24.8,23.3,0
197.98,70.78,31.68,30.18,1
455.71,75.03,30.27,28.77,0
692.43,71.03,22.73,21.23,0
175.47,62.46,31.46,29.96,1
377.26,77.53,21.24,19.74,0
563.61,93.73,31.29,29.79,0
693.95,81.41,31.18,29.68,0
189.44,70.5,29.19,27.69,1
354.57,93.47,26.83,25.33,0
556.72,73.62,30.24,28.74,0
464.57,84.41,22.1,20.6,0
629.62,82.19,29.89,28.39,0
179.25,93.35,26.65,25.15,1
434.66,92.01,18.19,16.69,0
473.33,65.18,22.86,21.36,0
592.27,63.0,20.07,18.57,0
610.46,88.34,31.75,30.25,0
395.02,91.67,24.7,23.2,0
470.51,77.25,24.96,23.46,0
124.55,84.18,26.95,25.45,1
519.64,62.44,23.16,21.66,0
128.96,67.69,19.92,18.42,0
495.31,65.23,29.51,28.01,0
413.42,81.04,20.66,19.16,0
673.35,66.91,25.16,23.66,0
214.58,62.09,21.14,19.64,1
342.59,70.58,19.37,17.87,0
617.23,83.7,30.07,28.57,0
418.18,80.23,31.62,30.12,0
592.48,71.58,31.45,29.95,0
414.31,89.17,30.69,29.19,0
515.79,69.67,28.84,27.34,0
631.29,69.12,22.66,21.16,0
151.79,79.6,19.14,17.64,0
630.9,76.74,23.7,22.2,0
223.8,75.61,21.25,19.75,0
558.07,65.45,19.85,18.35,0
448.18,77.66,18.75,17.25,0
313.09,69.07,28.16,26.66,1
675.94,73.73,18.16,16.66,0
608.03,85.67,28.79,27.29,0
285.62,92.79,20.06,18.56,0
237.56,87.09,19.11,17.61,0
328.21,74.2,19.25,17.75,0
312.63,80.76,27.41,25.91,1
212.66,86.13,21.44,19.94,0
663.7,74.5,23.89,22.39,0
634.82,72.61,25.8,24.3,0
627.41,64.73,30.05,28.55,0
384.31,85.77,28.18,26.68,0
577.97,89.35,21.78,20.28,0
329.01,71.08,19.84,18.34,0
619.15,87.42,18.78,17.28,0
645.74,81.36,22.22,20.72,0
432.21,87.44,21.67,20.17,0
396.19,74.4,24.39,22.89,0
428.97,86.17,27.57,26.07,0
258.11,74.3,27.74,26.24,1
173.28,63.11,21.97,20.47,1
344.41,79.27,23.32,21.82,0
574.76,75.9,20.54,19.04,0
515.42,68.85,29.04,27.54,0
607.71,91.22,18.8,17.3,0
381.85,73.4,27.76,26.26,0
192.08,61.37,28.9,27.4,1
423.12,73.37,28.88,27.38,0
142.9,74.86,21.63,20.13,0
369.9,90.16,23.23,21.73,0
236.82,87.97,26.23,24.73,1
609.66,67.0,21.82,20.32,0
194.78,89.37,23.19,21.69,0
395.29,68.68,20.76,19.26,0
343.38,71.97,24.44,22.94,0
610.32,62.69,18.62,17.12,0
445.74,61.94,29.2,27.7,0
395.47,83.83,19.08,17.58,0
465.79,92.32,25.26,23.76,0
254.64,77.26,22.3,20.8,0
422.4,89.54,26.09,24.59,0
323.02,87.78,31.43,29.93,1
183.17,83.26,27.04,25.54,1
579.07,94.24,18.5,17.0,0
329.26,88.08,24.03,22.53,0
281.77,69.62,25.14,23.64,1
120.33,87.62,25.51,24.01,1
142.04,84.24,27.54,26.04,1
266.07,73.98,21.89,20.39,0
311.13,62.69,19.8,18.3,1
525.49,67.5,23.5,22.0,0
333.7,87.9,31.39,29.89,1
581.98,68.7,20.62,19.12,0
460.56,94.93,30.66,29.16,0
323.33,84.29,25.61,24.11,1
211.29,76.7,24.4,22.9,0
120.79,79.97,30.35,28.85,1
342.21,81.38,24.42,22.92,0
355.9,93.91,28.14,26.64,0
331.06,65.66,23.59,22.09,0
585.39,69.53,30.66,29.16,0
175.42,84.84,27.66,26.16,1
186.64,68.4,27.79,26.29,1
255.41,90.5,22.59,21.09,0
417.96,72.13,28.59,27.09,0
541.02,66.33,26.9,25.4,0
644.12,61.67,21.36,19.86,0
274.92,80.85,20.25,18.75,0
194.12,88.88,29.15,27.65,1
415.34,69.58,31.43,29.93,0
293.76,92.11,24.41,22.91,0
691.01,86.52,26.27,24.77,0
143.11,62.15,30.01,28.51,1
230.72,80.04,24.4,22.9,0
557.06,79.86,31.33,29.83,0
344.1,67.08,26.06,24.56,1
446.1,71.71,29.49,27.99,0
592.96,76.04,30.72,29.22,0
506.78,61.68,29.42,27.92,0
470.06,65.24,20.23,18.73,0
515.46,65.74,26.8,25.3,0
157.26,73.27,23.58,22.08,0
176.72,86.16,18.88,17.38,0
472.38,89.1,23.94,22.44,0
333.35,65.7,21.62,20.12,0
697.51,86.32,29.89,28.39,0
595.98,83.47,18.47,16.97,0
657.36,91.17,31.43,29.93,0
224.67,93.91,22.98,21.48,0
482.34,64.36,22.99,21.49,0
136.17,62.82,18.23,16.73,1
546.38,87.99,20.59,19.09,0
144.49,65.68,23.62,22.12,0
510.97,66.81,31.01,29.51,0
243.17,90.87,19.39,17.89,0
462.89,92.86,31.23,29.73,0
280.07,71.15,30.17,28.67,1
132.99,89.48,24.36,22.86,0
517.61,90.06,22.57,21.07,0
380.22,81.19,21.26,19.76,0
540.05,79.81,26.6,25.1,0
152.65,80.15,18.46,16.96,0
427.52,70.55,18.22,16.72,0
151.47,81.66,24.0,22.5,0
203.43,68.53,18.95,17.45,0
574.96,66.22,21.53,20.03,0
252.63,74.45,21.1,19.6,0
174.13,84.7,21.54,20.04,0
202.25,81.75,19.83,18.33,0
202.03,93.77,18.17,16.67,0
609.42,82.63,19.62,18.12,0
462.17,64.95,26.66,25.16,0
579.56,65.64,31.64,30.14,0
269.19,63.26,31.86,30.36,1
483.28,66.69,23.73,22.23,0
641.37,80.93,20.28,18.78,0
429.69,89.34,26.94,25.44,0
625.03,91.29,24.86,23.36,0
246.47,74.0,31.85,30.35,1
680.82,79.55,18.91,17.41,0
166.22,88.32,28.97,27.47,1
561.44,70.92,22.04,20.54,0
237.0,80.85,21.38,19.88,0
187.79,66.09,27.28,25.78,1
444.24,76.68,21.44,19.94,0
303.87,66.06,27.32,25.82,1
249.06,76.18,25.24,23.74,1
374.69,73.89,23.94,22.44,0
693.28,75.16,25.77,24.27,0
486.95,68.53,22.02,20.52,0
281.59,64.76,27.89,26.39,1
691.82,69.65,23.81,22.31,0
281.92,68.39,23.05,21.55,0
537.4,85.7,29.6,28.1,0
272.73,85.09,30.95,29.45,1
569.1,80.46,18.64,17.14,0
493.51,63.2,21.26,19.76,0
452.17,79.82,22.88,21.38,0
386.16,62.77,29.41,27.91,0
260.85,60.64,31.8,30.3,1
473.47,72.34,31.57,30.07,0
627.12,68.42,30.67,29.17,0
138.16,80.81,22.15,20.65,0
544.95,92.5,31.89,30.39,0
630.36,85.19,21.49,19.99,0
477.79,86.86,19.48,17.98,0
269.89,93.28,31.31,29.81,1
323.86,82.19,21.27,19.77,0
554.31,80.22,27.66,26.16,0
332.76,81.07,18.82,17.32,0
124.68,90.3,28.23,26.73,1
181.2,73.58,30.34,28.84,1
285.5,87.84,21.81,20.31,0
348.04,82.83,23.31,21.81,0
331.31,70.66,23.24,21.74,0
587.73,60.48,28.48,26.98,0
248.52,67.35,21.33,19.83,0
357.98,84.5,20.41,18.91,0
592.25,80.29,24.29,22.79,0
580.19,69.61,22.26,20.76,0
239.03,75.2,29.75,28.25,1
331.16,83.14,21.33,19.83,0
210.66,64.45,25.03,23.53,1
172.26,75.13,31.2,29.7,1
441.43,74.58,26.88,25.38,0
305.31,78.99,30.14,28.64,1
417.94,78.27,31.16,29.66,0
460.99,72.87,28.51,27.01,0
471.59,86.7,27.79,26.29,0
665.64,62.35,31.55,30.05,0
256.1,61.24,31.92,30.42,1
640.89,74.71,24.33,22.83,0
149.76,91.38,18.99,17.49,0
137.62,69.71,22.1,20.6,0
183.09,66.03,20.13,18.63,0
493.34,92.49,23.84,22.34,0
427.57,65.89,19.84,18.34,0
214.03,73.12,26.46,24.96,1
205.78,85.52,23.36,21.86,0
427.07,69.13,30.54,29.04,0
676.22,68.04,31.55,30.05,0
225.98,73.92,25.66,24.16,1
270.3,87.56,21.85,20.35,0
189.94,91.88,26.29,24.79,1
464.87,61.1,30.55,29.05,0
657.53,65.78,23.69,22.19,0
258.05,93.55,25.73,24.23,1
394.0,80.75,21.8,20.3,0
646.42,79.3,24.38,22.88,0
530.8,88.47,23.62,22.12,0
426.41,61.39,21.48,19.98,0
490.8,60.48,25.08,23.58,0
543.89,93.86,22.35,20.85,0
542.52,89.0,23.22,21.72,0
401.29,86.16,25.35,23.85,0
283.26,65.45,28.51,27.01,1
239.58,76.68,22.67,21.17,0
652.8,92.81,30.94,29.44,0
153.78,92.68,30.07,28.57,1
315.5,60.32,18.68,17.18,1
520.23,86.34,21.55,20.05,0
468.04,60.22,24.25,22.75,0
371.27,94.45,19.46,17.96,0
180.46,74.59,22.88,21.38,0
200.93,94.07,28.36,26.86,1
523.98,72.87,27.53,26.03,0
400.54,70.26,26.71,25.21,0
316.94,71.07,27.95,26.45,1
337.38,85.57,20.87,19.37,0
368.64,66.99,22.78,21.28,0
516.17,90.24,27.47,25.97,0
468.55,80.67,30.31,28.81,0
160.88,93.95,25.61,24.11,1
211.34,94.55,21.96,20.46,0
160.92,66.48,18.42,16.92,0
140.06,93.45,27.94,26.44,1
570.08,61.63,18.11,16.61,0
613.56,60.98,23.22,21.72,0
361.38,93.04,25.43,23.93,0
681.93,93.68,30.91,29.41,0
620.89,65.15,19.25,17.75,0
619.02,75.48,23.68,22.18,0
332.97,77.29,18.34,16.84,0
673.52,90.11,22.8,21.3,0
554.38,81.98,26.71,25.21,0
325.14,87.11,21.91,20.41,0
635.52,76.98,20.94,19.44,0
122.39,82.69,19.62,18.12,0
451.52,85.74,26.08,24.58,0
421.7,85.83,27.73,26.23,0
167.44,60.06,27.41,25.91,1
620.17,63.5,31.28,29.78,0
283.39,72.73,18.04,16.54,0
338.28,62.14,27.06,25.56,1
395.59,73.4,26.41,24.91,0
593.82,73.63,26.24,24.74,0
465.06,92.21,31.48,29.98,0
447.1,79.85,18.24,16.74,0
330.18,84.72,27.75,26.25,1
282.22,91.05,29.39,27.89,1
397.31,75.47,25.14,23.64,0
268.33,60.07,22.68,21.18,1
316.92,69.99,29.07,27.57,1
375.42,88.5,19.36,17.86,0
609.23,91.56,24.19,22.69,0
659.7,72.3,25.28,23.78,0
601.25,70.29,27.72,26.22,0
424.91,92.36,19.27,17.77,0
532.7,72.29,21.19,19.69,0
314.42,82.83,23.74,22.24,0
386.33,69.81,26.73,25.23,0
665.48,63.43,30.42,28.92,0
325.87,77.54,26.66,25.16,1
220.33,92.31,19.87,18.37,0
393.81,81.65,31.73,30.23,0
498.5,67.31,30.21,28.71,0
193.38,83.89,25.04,23.54,1
190.82,86.89,30.91,29.41,1
296.14,71.23,25.58,24.08,1
646.44,79.57,30.93,29.43,0
511.27,83.87,29.62,28.12,0
248.72,65.61,31.56,30.06,1
470.02,93.74,30.88,29.38,0
502.94,75.79,18.5,17.0,0
423.37,94.29,20.45,18.95,0
560.44,66.64,23.45,21.95,0
134.35,76.93,31.33,29.83,1
230.85,65.8,22.2,20.7,0
680.5,60.36,20.25,18.75,0
408.69,68.33,30.41,28.91,0
164.38,74.11,24.25,22.75,0
298.74,75.09,30.71,29.21,1
121.03,91.03,20.24,18.74,0
456.06,82.25,27.26,25.76,0
699.7,75.21,24.16,22.66,0
462.26,94.58,19.07,17.57,0
473.84,81.5,27.75,26.25,0
310.08,71.29,21.46,19.96,0
257.48,84.2,18.55,17.05,0
414.73,77.35,18.84,17.34,0
641.88,90.84,18.86,17.36,0
125.66,91.38,30.71,29.21,1
450.4,72.86,28.36,26.86,0
368.54,79.68,30.57,29.07,0
480.28,69.3,27.42,25.92,0
607.18,81.93,25.41,23.91,0
380.45,94.73,22.26,20.76,0
246.26,89.14,31.97,30.47,1
338.43,72.82,23.07,21.57,0
207.32,63.34,24.59,23.09,1
169.24,93.83,23.3,21.8,0
338.01,73.64,31.71,30.21,1
482.91,70.27,20.45,18.95,0
272.44,71.07,22.59,21.09,0
651.1,77.15,27.52,26.02,0
519.59,93.49,18.88,17.38,0
518.06,94.53,26.5,25.0,0
521.19,70.36,24.69,23.19,0
120.98,72.3,21.98,20.48,0
591.54,77.91,21.34,19.84,0
652.21,60.29,25.2,23.7,0
131.25,66.12,23.15,21.65,0
467.01,92.76,24.39,22.89,0
512.41,61.03,22.72,21.22,0
233.82,63.53,31.59,30.09,1
606.16,74.72,19.87,18.37,0
482.98,85.6,19.36,17.86,0
250.53,69.41,22.81,21.31,0
680.97,70.71,26.27,24.77,0
245.2,70.69,27.23,25.73,1
513.58,90.54,23.56,22.06,0
394.86,67.91,31.99,30.49,0
539.51,79.68,22.93,21.43,0
176.7,95.0,28.1,26.6,1
672.48,85.5,26.93,25.43,0
238.6,71.77,29.38,27.88,1
247.82,86.79,31.67,30.17,1
441.34,93.39,30.46,28.96,0
322.85,73.07,28.7,27.2,1
376.44,84.78,27.78,26.28,0
141.52,62.65,22.7,21.2,1
256.23,91.34,20.07,18.57,0
568.65,63.37,18.88,17.38,0
643.28,73.05,21.39,19.89,0
255.42,78.99,24.05,22.55,0
568.54,69.23,25.31,23.81,0
136.79,82.72,28.82,27.32,1
145.94,79.41,31.42,29.92,1
347.95,85.1,19.64,18.14,0
205.79,72.39,19.5,18.0,0
216.36,79.11,26.26,24.76,1
483.89,88.43,28.44,26.94,0
617.74,88.37,29.87,28.37,0
571.8,85.0,31.1,29.6,0
315.17,78.97,31.77,30.27,1
627.63,83.56,23.6,22.1,0
607.98,63.04,23.32,21.82,0
424.04,76.5,20.07,18.57,0
396.01,90.11,27.59,26.09,0
153.91,81.26,27.19,25.69,1
207.3,92.96,30.07,28.57,1
169.54,69.18,19.36,17.86,0
425.53,63.37,24.97,23.47,0
512.45,81.93,26.14,24.64,0
478.89,63.18,21.38,19.88,0
626.27,87.37,20.37,18.87,0
502.05,68.99,30.03,28.53,0
601.23,78.86,18.82,17.32,0
201.45,88.4,24.59,23.09,0
219.56,87.58,19.62,18.12,0
652.68,77.36,24.4,22.9,0
325.73,94.15,31.72,30.22,1
245.86,77.42,23.93,22.43,0
649.0,69.76,30.0,28.5,0
682.66,70.59,19.64,18.14,0
489.91,86.03,21.8,20.3,0
345.24,75.3,23.65,22.15,0
519.26,74.66,23.6,22.1,0
129.02,60.72,27.4,25.9,1
203.93,70.68,22.83,21.33,0
333.85,90.11,27.99,26.49,1
602.69,88.12,26.95,25.45,0
296.5,86.13,23.59,22.09,0
153.57,60.81,24.04,22.54,1
339.67,60.94,26.6,25.1,1
259.93,70.9,18.98,17.48,0
152.51,76.61,29.51,28.01,1
351.38,91.84,27.15,25.65,0
323.82,73.46,28.17,26.67,1
545.63,70.1,25.52,24.02,0
156.66,79.99,19.55,18.05,0
339.85,92.01,23.67,22.17,0
318.61,85.85,23.68,22.18,0
495.16,89.98,22.49,20.99,0
634.99,66.38,18.42,16.92,0
202.93,64.4,28.32,26.82,1
593.43,79.04,19.54,18.04,0
473.64,84.41,26.49,24.99,0
136.96,93.42,27.85,26.35,1
564.8,73.0,26.89,25.39,0
431.86,72.13,31.43,29.93,0
583.96,78.05,19.45,17.95,0
357.14,83.97,30.14,28.64,0
505.99,79.81,18.41,16.91,0
235.31,85.31,25.49,23.99,1
231.27,73.31,23.66,22.16,0
317.35,90.18,25.34,23.84,1
421.28,66.4,23.11,21.61,0
535.59,71.06,20.67,19.17,0
506.75,87.08,18.27,16.77,0
596.38,71.75,25.25,23.75,0
367.31,83.39,29.8,28.3,0
649.27,70.07,23.23,21.73,0
183.32,66.55,21.12,19.62,0
228.58,70.53,19.13,17.63,0
516.56,91.04,19.19,17.69,0
267.19,76.13,21.1,19.6,0
215.46,67.89,19.4,17.9,0
634.17,71.25,21.71,20.21,0
159.67,60.1,18.93,17.43,1
695.05,86.45,18.92,17.42,0
620.3,67.9,29.99,28.49,0
623.59,80.93,20.27,18.77,0
484.65,60.88,25.84,24.34,0
250.42,89.21,28.83,27.33,1
582.89,66.56,24.39,22.89,0
151.2,60.17,20.15,18.65,1
457.63,70.54,20.79,19.29,0
374.71,92.22,24.06,22.56,0
555.24,69.19,25.4,23.9,0
133.79,77.62,22.89,21.39,0
344.34,74.25,28.94,27.44,1
396.71,70.3,28.51,27.01,0
208.37,92.46,30.98,29.48,1
360.54,87.61,18.41,16.91,0
648.08,86.67,30.54,29.04,0
391.81,78.41,23.5,22.0,0
266.03,88.87,30.3,28.8,1
428.75,76.05,27.67,26.17,0
155.29,76.28,31.82,30.32,1
290.68,77.28,28.63,27.13,1
574.51,68.29,23.1,21.6,0
492.31,92.33,25.01,23.51,0
133.91,69.06,23.27,21.77,0
450.53,66.94,23.11,21.61,0
246.06,68.53,21.65,20.15,0
685.93,88.61,24.94,23.44,0
574.54,86.9,27.54,26.04,0
194.19,74.95,21.88,20.38,0
343.62,60.48,25.34,23.84,1
404.18,94.15,19.64,18.14,0
225.78,64.64,20.24,18.74,1
528.48,89.8,18.66,17.16,0
608.0,87.36,31.59,30.09,0
122.59,92.83,18.05,16.55,0
197.27,87.07,20.5,19.0,0
284.41,71.6,26.58,25.08,1
690.78,68.12,19.14,17.64,0
354.63,73.22,30.35,28.85,0
218.75,67.11,28.07,26.57,1
190.14,85.19,31.53,30.03,1
642.79,88.93,25.11,23.61,0
589.94,82.63,22.21,20.71,0
479.19,66.51,25.69,24.19,0
433.02,61.31,31.03,29.53,0
570.75,80.31,25.29,23.79,0
304.53,76.19,21.74,20.24,0
491.12,66.99,30.28,28.78,0
547.37,72.88,23.21,21.71,0
453.88,78.95,18.02,16.52,0
217.86,82.15,21.47,19.97,0
691.82,76.68,22.46,20.96,0
590.49,94.0,30.02,28.52,0
404.56,61.62,24.42,22.92,0
479.58,83.04,24.22,22.72,0
560.84,91.83,22.71,21.21,0
385.98,68.28,30.33,28.83,0
548.69,67.48,31.23,29.73,0
568.3,86.68,31.89,30.39,0
386.22,77.02,23.27,21.77,0
228.91,94.73,31.53,30.03,1
466.7,80.62,29.09,27.59,0
441.49,92.32,27.46,25.96,0
410.29,60.43,21.43,19.93,0
153.98,65.41,21.03,19.53,0
570.99,83.95,20.32,18.82,0
432.45,74.58,30.92,29.42,0
369.78,89.26,22.12,20.62,0
592.64,75.01,24.34,22.84,0
234.19,84.95,24.92,23.42,0
277.58,79.82,28.89,27.39,1
491.04,64.2,29.82,28.32,0
346.23,85.13,19.95,18.45,0
295.78,84.72,23.98,22.48,0
267.68,64.05,29.8,28.3,1
401.72,79.67,29.45,27.95,0
569.81,71.75,19.43,17.93,0
587.09,76.06,20.19,18.69,0
578.53,74.8,22.26,20.76,0
633.67,63.67,19.06,17.56,0
149.43,65.53,23.95,22.45,0
689.69,63.04,19.51,18.01,0
367.35,66.74,25.96,24.46,0
231.93,89.84,21.45,19.95,0
682.61,60.86,26.35,24.85,0
598.61,75.11,19.65,18.15,0
659.24,88.03,31.66,30.16,0
423.43,63.51,31.06,29.56,0
553.69,67.97,23.49,21.99,0
421.29,85.46,21.39,19.89,0
432.88,82.66,21.51,20.01,0
671.87,79.71,24.77,23.27,0
548.25,66.01,18.56,17.06,0
448.73,87.81,26.96,25.46,0
347.79,64.95,23.72,22.22,1
215.31,64.72,23.28,21.78,1
187.12,87.83,29.33,27.83,1
293.81,72.92,27.93,26.43,1
521.83,70.94,31.36,29.86,0
231.1,69.75,22.93,21.43,0
196.25,71.37,30.57,29.07,1
165.1,71.92,28.78,27.28,1
610.82,84.37,23.0,21.5,0
259.89,68.41,26.7,25.2,1
236.49,71.39,22.04,20.54,0
346.7,87.17,30.24,28.74,1
485.1,91.96,19.57,18.07,0
460.03,81.45,20.97,19.47,0
655.72,63.68,20.56,19.06,0
515.54,78.96,23.64,22.14,0
445.94,81.97,28.43,26.93,0
532.73,70.99,25.38,23.88,0
504.96,88.98,24.83,23.33,0
565.14,87.37,18.01,16.51,0
452.01,80.14,23.96,22.46,0
588.23,65.08,18.89,17.39,0
642.03,84.41,20.92,19.42,0
523.96,91.34,31.05,29.55,0
327.42,68.75,21.02,19.52,0
282.39,93.55,30.02,28.52,1
489.57,87.0,29.24,27.74,0
486.23,70.51,20.23,18.73,0
133.87,81.59,26.48,24.98,1
553.32,70.77,19.62,18.12,0
248.69,63.48,28.19,26.69,1
151.6,88.85,26.92,25.42,1
208.86,83.3,29.37,27.87,1
500.93,81.49,24.71,23.21,0
423.37,64.98,30.81,29.31,0
611.22,73.21,18.69,17.19,0
181.63,90.68,22.1,20.6,0
601.12,65.72,28.01,26.51,0
497.53,61.68,23.85,22.35,0
244.66,66.69,20.42,18.92,0
547.41,68.76,19.5,18.0,0
549.97,87.43,29.44,27.94,0
182.64,82.68,24.62,23.12,0
274.54,60.61,30.35,28.85,1
490.54,60.61,28.27,26.77,0
340.73,79.84,23.74,22.24,0
563.84,82.17,23.23,21.73,0
430.9,64.39,25.22,23.72,0
617.06,81.37,30.45,28.95,0
184.4,68.41,28.32,26.82,1
545.57,71.79,18.07,16.57,0
389.49,74.31,27.72,26.22,0
421.25,64.07,30.87,29.37,0
284.75,93.71,27.95,26.45,1
276.06,94.08,20.48,18.98,0
230.09,75.58,24.77,23.27,0
336.54,69.01,19.96,18.46,0
258.61,93.55,23.03,21.53,0
230.04,88.63,31.12,29.62,1
677.84,85.35,30.93,29.43,0
379.5,76.16,21.96,20.46,0
513.31,74.37,22.75,21.25,0
337.01,87.28,26.4,24.9,1
450.48,78.19,31.48,29.98,0
409.54,83.12,20.07,18.57,0
475.36,79.82,21.6,20.1,0
539.18,84.93,30.23,28.73,0
505.07,63.29,24.89,23.39,0
562.02,73.22,30.59,29.09,0
204.86,65.85,20.6,19.1,0
174.54,68.47,25.46,23.96,1
316.56,67.03,22.57,21.07,0
399.46,77.62,22.43,20.93,0
250.15,60.66,24.26,22.76,1
568.47,93.74,24.06,22.56,0
537.34,78.16,23.0,21.5,0
649.88,61.84,30.81,29.31,0
542.8,83.87,28.24,26.74,0
182.14,69.41,28.19,26.69,1
505.7,63.74,22.06,20.56,0
358.99,89.06,26.09,24.59,0
270.58,66.93,28.91,27.41,1
469.13,63.67,29.14,27.64,0
295.27,61.99,22.82,21.32,1
427.9,85.5,28.79,27.29,0
454.07,82.93,28.3,26.8,0
426.86,60.29,19.98,18.48,0
126.2,67.75,30.12,28.62,1
322.27,84.66,24.18,22.68,0
578.47,65.32,24.81,23.31,0
321.2,80.19,24.28,22.78,0
415.44,67.46,25.95,24.45,0
321.05,75.72,26.7,25.2,1
235.56,90.36,24.97,23.47,0
235.86,70.59,30.14,28.64,1
554.34,84.01,26.79,25.29,0
484.21,75.34,23.62,22.12,0
660.59,63.37,23.83,22.33,0
364.18,72.62,29.35,27.85,0
489.21,89.44,22.87,21.37,0
391.75,94.06,20.96,19.46,0
394.88,89.58,18.83,17.33,0
615.37,65.68,30.26,28.76,0
383.5,72.09,30.86,29.36,0
658.34,89.09,19.68,18.18,0
479.89,79.39,22.68,21.18,0
169.55,87.17,20.46,18.96,0
159.43,87.22,19.62,18.12,0
689.74,62.49,30.6,29.1,0
351.63,71.98,18.8,17.3,0
460.73,76.77,31.73,30.23,0
370.32,93.08,19.35,17.85,0
212.16,91.44,30.09,28.59,1
192.82,74.81,25.93,24.43,1
243.36,63.35,23.15,21.65,1
471.1,74.16,22.79,21.29,0
436.99,78.76,28.6,27.1,0
310.58,91.65,22.4,20.9,0
145.62,70.32,27.2,25.7,1
307.94,70.81,25.24,23.74,1
351.02,81.95,24.79,23.29,0
558.73,77.68,30.62,29.12,0
547.74,66.86,25.77,24.27,0
248.42,65.07,29.58,28.08,1
252.05,77.13,28.16,26.66,1
484.17,87.28,18.54,17.04,0
498.03,87.26,28.82,27.32,0
445.44,94.15,21.04,19.54,0
184.94,73.4,30.64,29.14,1
285.72,73.72,18.6,17.1,0
138.39,60.06,22.66,21.16,1
561.72,89.05,19.4,17.9,0
587.77,82.63,24.66,23.16,0
653.88,86.95,29.48,27.98,0
170.99,76.47,22.17,20.67,0
645.6,92.21,20.11,18.61,0
652.69,61.02,22.62,21.12,0
698.67,64.03,29.39,27.89,0
571.18,73.16,19.97,18.47,0
272.33,62.98,21.18,19.68,1
273.44,63.08,18.96,17.46,1
519.17,79.84,27.88,26.38,0
514.24,67.56,23.53,22.03,0
502.99,81.93,22.35,20.85,0
324.81,92.53,28.06,26.56,1
421.48,88.84,22.7,21.2,0
294.87,68.7,28.19,26.69,1
466.14,63.14,29.41,27.91,0
567.99,93.26,21.05,19.55,0
525.24,94.81,31.63,30.13,0
370.85,73.11,20.27,18.77,0
424.34,76.12,22.07,20.57,0
568.0,65.09,20.52,19.02,0
255.05,84.86,22.84,21.34,0
248.35,74.76,24.72,23.22,0
401.29,88.11,25.31,23.81,0
406.6,80.21,29.95,28.45,0
133.61,61.5,30.45,28.95,1
457.53,71.72,21.08,19.58,0
362.29,88.3,26.72,25.22,0
454.3,84.08,19.56,18.06,0
650.6,82.14,24.43,22.93,0
313.21,83.54,22.51,21.01,0
182.54,81.18,22.43,20.93,0
239.78,82.44,24.76,23.26,0
297.79,81.71,28.22,26.72,1
620.81,78.67,18.97,17.47,0
438.46,86.52,30.31,28.81,0
697.15,72.93,28.29,26.79,0
285.32,76.63,20.47,18.97,0
159.86,74.05,31.15,29.65,1
294.69,67.32,25.09,23.59,1
695.71,71.27,32.0,30.5,0
551.0,61.93,20.76,19.26,0
650.74,71.39,25.49,23.99,0
465.01,73.67,22.06,20.56,0
279.71,63.27,22.26,20.76,1
673.57,67.72,26.27,24.77,0
252.91,68.73,30.9,29.4,1
350.33,67.96,29.27,27.77,0
290.16,72.26,28.14,26.64,1
493.21,65.07,25.83,24.33,0
362.45,85.6,30.91,29.41,0
675.12,71.99,24.89,23.39,0
681.1,64.28,30.23,28.73,0
176.21,80.78,29.68,28.18,1
658.43,66.29,20.99,19.49,0
582.84,62.03,28.8,27.3,0
533.16,65.72,18.17,16.67,0
330.42,74.7,22.52,21.02,0
514.14,84.27,21.21,19.71,0
590.19,82.45,25.1,23.6,0
601.65,60.18,28.32,26.82,0
587.35,87.77,19.37,17.87,0
305.61,71.75,25.21,23.71,1
227.31,83.79,31.14,29.64,1
435.39,61.14,21.2,19.7,0
267.45,73.78,27.48,25.98,1
575.29,60.69,26.3,24.8,0
145.91,88.57,18.14,16.64,0
366.74,66.54,24.66,23.16,0
571.58,83.61,27.92,26.42,0
166.72,69.7,18.62,17.12,0
518.45,64.74,30.31,28.81,0
254.02,92.56,25.28,23.78,1
193.89,80.83,18.43,16.93,0
298.57,91.17,21.14,19.64,0
131.22,70.73,31.35,29.85,1
485.41,89.04,26.15,24.65,0
313.09,92.96,19.5,18.0,0
696.35,73.83,22.03,20.53,0
176.75,91.64,24.39,22.89,0
639.03,71.73,18.29,16.79,0
408.82,71.36,23.76,22.26,0
188.27,94.85,24.85,23.35,0
616.55,93.33,21.41,19.91,0
184.41,68.0,26.24,24.74,1
494.6,89.3,28.55,27.05,0
262.23,71.99,21.3,19.8,0
380.49,94.27,26.69,25.19,0
452.35,89.74,26.95,25.45,0
653.41,91.67,31.28,29.78,0
285.02,80.08,28.9,27.4,1
344.86,70.3,29.88,28.38,1
235.77,66.91,24.87,23.37,0
319.3,78.48,20.59,19.09,0
192.97,83.5,31.94,30.44,1
437.89,85.96,19.81,18.31,0
444.35,65.96,24.6,23.1,0
481.56,78.76,18.95,17.45,0
253.6,75.26,31.21,29.71,1
370.77,67.29,31.51,30.01,0
144.03,79.35,28.07,26.57,1
143.35,69.66,22.9,21.4,0
299.49,78.73,21.56,20.06,0
403.7,67.0,21.71,20.21,0
521.92,91.5,19.78,18.28,0
560.03,71.83,25.36,23.86,0
353.03,81.36,19.99,18.49,0
558.25,64.27,22.43,20.93,0
542.01,82.05,26.77,25.27,0
486.84,69.52,28.19,26.69,0
202.15,93.48,18.34,16.84,0
286.6,73.8,24.02,22.52,0
429.65,81.26,27.13,25.63,0
592.08,67.55,29.95,28.45,0
353.92,90.15,24.65,23.15,0
680.9,88.15,31.57,30.07,0
505.93,68.6,21.72,20.22,0
301.57,91.89,18.19,16.69,0
445.63,61.41,24.77,23.27,0
337.54,86.34,21.59,20.09,0
648.95,76.03,29.53,28.03,0
148.04,89.24,21.26,19.76,0
252.77,76.29,22.35,20.85,0
176.01,62.3,29.08,27.58,1
587.26,67.93,28.01,26.51,0
230.83,94.8,25.81,24.31,1
550.85,71.7,27.87,26.37,0
445.73,65.61,23.86,22.36,0
601.53,88.2,18.07,16.57,0
697.07,61.58,18.16,16.66,0
209.46,62.32,25.16,23.66,1
207.24,70.41,19.17,17.67,0
489.01,61.66,18.72,17.22,0
141.06,94.85,31.52,30.02,1
594.1,84.19,30.03,28.53,0
338.45,78.19,20.13,18.63,0
351.38,88.18,18.01,16.51,0
451.79,83.19,31.18,29.68,0
318.42,66.06,21.9,20.4,0
294.14,67.69,20.6,19.1,0
238.88,90.37,27.68,26.18,1
536.92,71.79,19.52,18.02,0
565.8,75.67,21.71,20.21,0
472.7,73.69,31.65,30.15,0
256.9,61.82,26.95,25.45,1
522.96,84.66,25.29,23.79,0
211.56,78.9,23.57,22.07,0
629.4,83.66,28.84,27.34,0
378.87,69.74,19.97,18.47,0
396.0,74.24,31.54,30.04,0
238.41,66.74,30.06,28.56,1
477.0,74.69,26.65,25.15,0
691.33,82.87,18.6,17.1,0
461.68,93.06,27.81,26.31,0
498.36,83.22,30.79,29.29,0
287.32,78.38,25.34,23.84,1
308.99,74.57,22.96,21.46,0
233.89,63.69,19.68,18.18,1
418.47,76.7,28.57,27.07,0
205.83,65.43,30.39,28.89,1
478.72,80.38,19.4,17.9,0
389.88,85.56,28.63,27.13,0
482.1,93.13,18.24,16.74,0
161.02,70.39,31.54,30.04,1
632.75,73.89,26.61,25.11,0
339.58,66.4,25.73,24.23,1
240.02,90.73,22.14,20.64,0
410.45,88.84,31.01,29.51,0
659.3,87.12,21.72,20.22,0
522.69,62.01,29.59,28.09,0
317.25,79.49,31.79,30.29,1
296.23,68.23,28.97,27.47,1
503.55,64.19,25.27,23.77,0
171.51,87.36,18.93,17.43,0
331.94,67.41,24.61,23.11,0
397.63,77.53,24.14,22.64,0
561.1,78.41,20.84,19.34,0
308.8,67.46,23.93,22.43,0
579.45,77.23,23.01,21.51,0
573.96,61.85,20.29,18.79,0
131.29,60.0,24.18,22.68,1
230.44,90.81,21.68,20.18,0
498.97,74.55,25.31,23.81,0
407.7,91.76,18.49,16.99,0
136.03,77.37,30.69,29.19,1
328.6,75.09,29.43,27.93,1
482.95,70.36,25.74,24.24,0
695.18,62.86,29.93,28.43,0
239.99,70.84,31.47,29.97,1
208.58,81.3,19.55,18.05,0
331.33,86.7,26.83,25.33,1
439.53,78.93,31.97,30.47,0
505.41,86.54,31.83,30.33,0
329.27,65.52,26.45,24.95,1
252.5,80.41,19.79,18.29,0
123.03,90.89,26.16,24.66,1
226.4,67.63,18.03,16.53,0
178.04,67.97,20.78,19.28,0
260.42,86.2,31.39,29.89,1
307.09,88.42,22.63,21.13,0
165.67,68.68,26.94,25.44,1
355.39,71.6,21.93,20.43,0
217.22,82.11,31.27,29.77,1
457.19,73.95,28.2,26.7,0
339.17,81.84,22.62,21.12,0
491.0,77.38,29.08,27.58,0
570.17,87.08,19.51,18.01,0
169.13,89.61,23.49,21.99,0
341.84,90.23,21.1,19.6,0
687.11,81.4,27.57,26.07,0
121.34,81.44,19.43,17.93,0
386.17,75.74,23.56,22.06,0
391.97,60.97,21.87,20.37,0
597.76,70.47,25.09,23.59,0
288.33,62.23,22.9,21.4,1
570.1,75.32,27.89,26.39,0
121.28,89.73,18.34,16.84,0
404.64,80.89,26.88,25.38,0
305.21,83.64,21.23,19.73,0
588.73,66.58,21.76,20.26,0
353.71,69.17,29.2,27.7,0
160.53,65.71,31.38,29.88,1
530.86,89.49,22.43,20.93,0
127.67,69.81,29.58,28.08,1
313.96,79.68,19.46,17.96,0
409.03,64.94,26.88,25.38,0
550.21,64.34,28.51,27.01,0
301.58,72.17,20.18,18.68,0
180.38,71.56,23.96,22.46,0
598.65,71.51,30.5,29.0,0
125.7,81.03,19.45,17.95,0
626.42,71.06,18.25,16.75,0
181.77,86.91,26.27,24.77,1
192.91,63.17,24.1,22.6,1
216.41,71.37,29.18,27.68,1
206.04,83.42,30.93,29.43,1
580.97,81.1,22.19,20.69,0
590.37,64.18,23.44,21.94,0
218.29,75.38,24.81,23.31,0
185.26,70.82,26.23,24.73,1
452.04,82.12,31.77,30.27,0
525.83,64.55,27.76,26.26,0
444.24,83.47,23.45,21.95,0
136.06,76.23,21.69,20.19,0
564.33,69.62,31.22,29.72,0
534.23,86.16,19.9,18.4,0
536.01,66.58,28.08,26.58,0
240.18,65.33,30.96,29.46,1
160.76,60.54,27.31,25.81,1
698.42,90.15,23.92,22.42,0
397.12,77.23,20.79,19.29,0
541.22,78.09,23.14,21.64,0
175.92,64.02,27.9,26.4,1
412.86,63.77,27.09,25.59,0
412.38,71.68,30.99,29.49,0
191.26,78.07,30.14,28.64,1
323.93,84.53,29.43,27.93,1
637.05,77.47,30.76,29.26,0
520.32,89.1,21.87,20.37,0
544.37,73.21,23.17,21.67,0
629.41,60.98,23.32,21.82,0
299.97,74.92,25.85,24.35,1
578.17,62.98,27.36,25.86,0
175.99,71.27,22.01,20.51,0
454.98,94.48,18.27,16.77,0
429.81,90.01,23.59,22.09,0
370.09,68.28,22.32,20.82,0
241.32,73.16,31.19,29.69,1
367.97,75.09,30.44,28.94,0
609.68,86.74,30.04,28.54,0
543.81,61.17,27.14,25.64,0
375.55,61.35,22.82,21.32,0
681.2,64.1,25.68,24.18,0
575.47,81.99,29.41,27.91,0
145.67,74.51,19.38,17.88,0
555.43,89.71,29.22,27.72,0
536.75,69.94,18.58,17.08,0
148.55,77.12,29.43,27.93,1
657.4,84.74,29.31,27.81,0
390.88,79.08,18.71,17.21,0
258.69,71.09,26.78,25.28,1
379.97,65.34,25.03,23.53,0
603.59,78.92,20.38,18.88,0
265.29,64.98,20.08,18.58,1
650.17,92.88,28.83,27.33,0
157.55,78.9,25.95,24.45,1
171.83,66.12,31.76,30.26,1
467.61,85.22,31.75,30.25,0
415.68,63.62,31.9,30.4,0
509.47,87.01,19.66,18.16,0
145.2,76.01,31.14,29.64,1
270.94,64.64,21.42,19.92,1
527.82,61.3,24.41,22.91,0
319.75,94.77,28.6,27.1,1
296.7,69.6,20.85,19.35,0
595.47,93.33,25.93,24.43,0
581.72,77.56,20.6,19.1,0
552.09,77.61,19.47,17.97,0
484.02,63.19,19.63,18.13,0
673.55,93.27,23.01,21.51,0
132.21,85.65,18.07,16.57,0
208.53,78.16,23.95,22.45,0
386.74,64.21,27.3,25.8,0
282.8,66.15,23.62,22.12,0
290.15,75.13,19.2,17.7,0
688.57,72.68,18.88,17.38,0
145.65,79.53,21.89,20.39,0
135.02,62.67,20.37,18.87,1
662.38,61.41,31.51,30.01,0
212.85,77.89,20.12,18.62,0
144.93,61.0,29.28,27.78,1
385.96,62.08,26.21,24.71,0
631.5,73.17,25.97,24.47,0
297.52,62.16,25.17,23.67,1
660.71,73.49,31.6,30.1,0
621.86,68.46,23.09,21.59,0
282.64,66.57,29.03,27.53,1
372.55,74.16,25.77,24.27,0
655.77,64.2,23.54,22.04,0
191.51,72.24,31.38,29.88,1
155.9,75.22,26.38,24.88,1
229.46,89.05,19.66,18.16,0
250.86,92.65,23.85,22.35,0
224.05,70.79,28.94,27.44,1
138.39,70.24,27.71,26.21,1
536.24,79.83,30.83,29.33,0
213.93,64.81,21.63,20.13,1
384.13,72.24,28.61,27.11,0
189.83,61.86,24.44,22.94,1
332.0,73.27,26.03,24.53,1
350.53,64.0,31.37,29.87,0
649.53,79.66,31.71,30.21,0
529.08,82.46,30.06,28.56,0
645.56,94.55,23.03,21.53,0
403.68,66.83,30.43,28.93,0
218.22,67.25,26.94,25.44,1
357.59,93.16,24.02,22.52,0
464.33,90.26,18.5,17.0,0
433.92,81.56,28.78,27.28,0
639.86,89.45,25.03,23.53,0
463.58,67.34,29.01,27.51,0
268.85,90.59,28.47,26.97,1
672.5,90.36,29.11,27.61,0
220.88,68.68,22.21,20.71,0
396.33,77.79,29.21,27.71,0
634.84,92.54,25.68,24.18,0
531.75,83.77,24.63,23.13,0
430.52,83.12,27.45,25.95,0
518.94,79.59,18.3,16.8,0
373.92,69.41,19.43,17.93,0
350.15,94.24,22.09,20.59,0
484.15,75.66,31.76,30.26,0
547.46,70.9,19.96,18.46,0
663.73,85.5,22.63,21.13,0
605.2,81.27,18.71,17.21,0
677.2,71.98,22.64,21.14,0
187.21,70.63,22.48,20.98,0
693.89,67.51,31.26,29.76,0
236.18,62.75,29.83,28.33,1
166.92,81.9,23.36,21.86,0
500.95,77.7,18.35,16.85,0
510.62,68.22,29.63,28.13,0
684.82,61.93,27.25,25.75,0
567.19,60.66,20.13,18.63,0
347.74,85.85,31.94,30.44,1
468.06,66.59,19.4,17.9,0
473.48,69.33,30.14,28.64,0
563.94,60.49,22.12,20.62,0
457.04,65.27,24.09,22.59,0
344.14,90.61,29.14,27.64,1
515.25,68.47,27.49,25.99,0
259.26,93.39,31.13,29.63,1
322.74,65.75,26.7,25.2,1
161.55,68.86,19.37,17.87,0
593.41,90.37,30.38,28.88,0
161.18,74.93,28.77,27.27,1
293.3,69.37,27.97,26.47,1
656.87,84.25,18.75,17.25,0
444.46,61.79,23.55,22.05,0
246.37,91.17,20.34,18.84,0
695.87,89.45,29.51,28.01,0
630.82,63.0,27.81,26.31,0
159.54,87.95,30.36,28.86,1
253.57,93.64,31.53,30.03,1
492.51,77.22,28.85,27.35,0
235.31,79.89,31.92,30.42,1
431.56,83.79,26.61,25.11,0
216.2,69.34,18.52,17.02,0
510.17,82.74,18.2,16.7,0
428.12,76.62,22.79,21.29,0
682.27,74.19,29.53,28.03,0
197.61,91.6,30.13,28.63,1
427.82,87.93,31.45,29.95,0
300.8,92.71,18.91,17.41,0
475.36,89.28,18.62,17.12,0
237.89,61.46,30.79,29.29,1
656.73,81.23,22.27,20.77,0
373.99,84.42,25.81,24.31,0
370.43,83.27,31.75,30.25,0
576.07,69.52,23.61,22.11,0
646.36,74.9,27.32,25.82,0
406.5,61.37,23.61,22.11,0
567.35,63.29,28.75,27.25,0
203.49,79.62,25.39,23.89,1
266.4,80.38,21.33,19.83,0
521.93,67.04,21.8,20.3,0
657.51,75.69,21.61,20.11,0
187.98,76.52,25.45,23.95,1
197.94,60.4,27.84,26.34,1
685.63,64.99,31.29,29.79,0
172.92,81.85,27.72,26.22,1
144.88,94.75,28.94,27.44,1
428.42,82.76,20.36,18.86,0
250.16,64.21,23.24,21.74,1
292.62,88.75,23.79,22.29,0
478.38,75.1,27.61,26.11,0
323.72,62.93,22.14,20.64,1
697.48,80.99,22.25,20.75,0
252.37,67.98,22.98,21.48,0
621.86,74.59,29.34,27.84,0
627.63,71.14,26.09,24.59,0
373.8,82.5,19.05,17.55,0
698.46,75.09,19.1,17.6,0
284.02,63.64,23.2,21.7,1
172.82,67.55,28.73,27.23,1
448.97,77.52,27.64,26.14,0
124.33,87.62,27.91,26.41,1
395.01,60.34,28.74,27.24,0
605.35,81.43,22.02,20.52,0
363.43,64.06,25.68,24.18,0
238.32,81.14,25.61,24.11,1
268.28,89.29,28.35,26.85,1
650.01,68.0,31.4,29.9,0
504.08,77.34,21.89,20.39,0
213.56,87.09,29.11,27.61,1
388.65,66.15,27.24,25.74,0
476.46,65.34,26.12,24.62,0
412.98,91.68,28.85,27.35,0
575.35,84.31,31.22,29.72,0
123.65,85.78,18.51,17.01,0
283.02,89.54,20.06,18.56,0
453.26,78.88,28.59,27.09,0
432.56,77.09,19.17,17.67,0
180.37,79.47,25.23,23.73,1
221.63,85.1,21.08,19.58,0
556.72,73.68,21.84,20.34,0
430.18,63.33,27.83,26.33,0
491.18,64.75,18.42,16.92,0
593.72,94.09,30.23,28.73,0
458.62,61.81,24.22,22.72,0
302.09,84.91,25.03,23.53,1
423.49,93.03,25.56,24.06,0
195.63,64.52,27.04,25.54,1
277.8,85.28,22.83,21.33,0
499.98,70.59,19.42,17.92,0
143.84,68.29,22.46,20.96,0
120.49,89.84,20.35,18.85,0
634.5,91.83,25.79,24.29,0
679.31,72.15,22.45,20.95,0
645.26,82.14,31.41,29.91,0
244.97,66.16,31.52,30.02,1
557.7,87.64,26.68,25.18,0
384.75,90.84,26.64,25.14,0
161.15,71.15,31.8,30.3,1
581.09,82.85,30.42,28.92,0
588.74,90.67,28.71,27.21,0
538.75,60.54,22.39,20.89,0
698.0,89.95,23.12,21.62,0
695.43,80.02,20.82,19.32,0
224.06,74.49,24.82,23.32,0
581.34,78.29,31.87,30.37,0
502.7,88.84,30.77,29.27,0
541.35,85.27,19.66,18.16,0
694.72,77.54,18.35,16.85,0
605.24,77.07,30.58,29.08,0
347.08,91.47,25.52,24.02,1
663.73,68.13,20.8,19.3,0
627.6,63.35,27.43,25.93,0
529.62,83.75,27.02,25.52,0
663.44,84.58,19.71,18.21,0
388.11,79.89,21.63,20.13,0
533.69,69.19,18.84,17.34,0
122.37,70.36,20.94,19.44,0
449.78,81.6,19.85,18.35,0
539.74,69.55,20.71,19.21,0
342.15,77.49,27.6,26.1,1
623.39,71.62,18.69,17.19,0
401.34,77.87,19.43,17.93,0
283.88,68.03,19.88,18.38,0
438.68,66.93,22.43,20.93,0
645.2,85.69,22.18,20.68,0
515.82,73.5,21.57,20.07,0
671.05,68.14,28.51,27.01,0
379.62,90.04,31.97,30.47,0
501.92,74.06,25.48,23.98,0
484.47,64.06,31.22,29.72,0
258.69,84.78,23.55,22.05,0
551.85,69.8,19.49,17.99,0
159.44,79.78,23.72,22.22,0
453.57,81.83,22.15,20.65,0
223.25,93.69,24.91,23.41,0
229.24,66.69,27.2,25.7,1
688.3,69.95,24.45,22.95,0
343.02,92.63,31.09,29.59,1
421.37,85.14,30.39,28.89,0
505.77,75.73,27.83,26.33,0
409.01,85.72,24.86,23.36,0
541.01,74.47,19.84,18.34,0
135.1,74.35,23.56,22.06,0
512.49,65.47,27.86,26.36,0
308.15,78.27,21.99,20.49,0
630.03,69.19,19.46,17.96,0
203.18,82.18,30.71,29.21,1
137.77,73.95,27.93,26.43,1
155.35,89.88,26.61,25.11,1
422.87,87.0,29.09,27.59,0
244.84,65.18,29.7,28.2,1
556.84,80.69,24.77,23.27,0
152.21,84.98,30.34,28.84,1
256.2,78.01,30.83,29.33,1
601.54,63.99,21.8,20.3,0
146.47,77.61,26.51,25.01,1
576.82,75.15,25.37,23.87,0
184.82,71.4,25.53,24.03,1
608.8,80.39,31.13,29.63,0
574.74,71.37,22.27,20.77,0
246.88,68.24,31.77,30.27,1
353.14,85.76,30.63,29.13,0
385.64,67.47,24.42,22.92,0
348.39,88.19,29.44,27.94,1
242.4,94.27,28.77,27.27,1
251.17,75.44,27.49,25.99,1
520.6,88.43,22.48,20.98,0
207.9,65.89,20.75,19.25,0
283.55,87.91,27.4,25.9,1
156.55,93.69,29.8,28.3,1
246.5,78.1,18.23,16.73,0
141.93,68.95,27.0,25.5,1
525.04,65.63,24.2,22.7,0
354.57,92.08,30.57,29.07,0
339.05,71.36,22.5,21.0,0
401.67,77.4,24.64,23.14,0
271.55,75.17,25.21,23.71,1
328.99,75.23,19.97,18.47,0
462.76,86.78,27.98,26.48,0
250.22,92.73,29.63,28.13,1
387.94,82.29,18.81,17.31,0
453.46,93.5,22.08,20.58,0
200.09,66.67,18.53,17.03,0
298.04,79.74,31.39,29.89,1
440.28,83.99,27.34,25.84,0
352.73,85.02,31.5,30.0,0
535.28,86.45,25.44,23.94,0
254.17,71.66,29.23,27.73,1
393.02,90.88,23.24,21.74,0
596.21,64.61,22.95,21.45,0
202.81,69.75,23.3,21.8,0
639.06,76.4,27.21,25.71,0
379.4,80.72,23.03,21.53,0
398.31,70.33,30.61,29.11,0
488.83,91.77,31.77,30.27,0
434.26,75.81,18.43,16.93,0
597.49,63.51,20.71,19.21,0
228.25,88.67,19.57,18.07,0
195.34,93.79,18.59,17.09,0
272.82,72.12,21.19,19.69,0
698.73,79.41,24.26,22.76,0
177.34,80.41,29.72,28.22,1
427.66,88.06,21.11,19.61,0
568.56,65.31,24.92,23.42,0
602.91,89.44,31.01,29.51,0
675.31,85.26,27.34,25.84,0
697.2,61.22,29.17,27.67,0
440.31,79.84,25.71,24.21,0
259.66,60.98,31.73,30.23,1
421.54,77.38,26.24,24.74,0
546.9,80.98,18.64,17.14,0
396.47,82.22,20.77,19.27,0
277.94,92.44,23.67,22.17,0
596.81,70.4,26.42,24.92,0
600.89,89.56,28.81,27.31,0
439.38,75.83,23.78,22.28,0
468.9,83.34,27.94,26.44,0
417.85,88.28,29.06,27.56,0
573.64,85.34,22.44,20.94,0
634.51,87.84,31.71,30.21,0
121.17,82.26,27.1,25.6,1
684.7,88.03,30.33,28.83,0
319.59,91.82,25.78,24.28,1
351.49,91.65,28.38,26.88,0
333.26,71.48,28.79,27.29,1
609.73,94.02,30.72,29.22,0
547.34,62.02,20.1,18.6,0
223.77,81.57,25.82,24.32,1
356.69,77.33,24.0,22.5,0
121.58,68.07,30.92,29.42,1
585.81,78.73,19.47,17.97,0
257.04,62.31,31.76,30.26,1
168.15,79.38,30.26,28.76,1
503.25,89.91,19.03,17.53,0
247.08,64.93,24.87,23.37,1
438.42,71.39,28.05,26.55,0
213.5,82.09,28.33,26.83,1
578.26,72.58,30.69,29.19,0
689.54,74.53,29.2,27.7,0
182.35,71.85,22.35,20.85,0
608.02,76.89,24.98,23.48,0
404.08,73.06,27.83,26.33,0
149.82,65.05,19.94,18.44,0
422.36,66.96,20.72,19.22,0
399.52,62.77,24.73,23.23,0
637.02,76.37,22.18,20.68,0
317.43,89.59,30.08,28.58,1
559.35,63.17,26.21,24.71,0
196.74,83.06,22.88,21.38,0
345.33,74.71,29.88,28.38,1
432.83,90.5,29.27,27.77,0
225.28,72.72,31.98,30.48,1
234.71,84.31,29.86,28.36,1
262.3,73.97,23.8,22.3,0
550.82,78.97,19.78,18.28,0
667.22,87.12,29.77,28.27,0
193.75,93.87,18.84,17.34,0
437.81,64.72,22.9,21.4,0
205.32,78.52,30.88,29.38,1
151.47,64.63,31.45,29.95,1
142.89,61.07,26.97,25.47,1
368.77,86.18,27.64,26.14,0
366.69,94.41,18.59,17.09,0
505.23,80.84,25.2,23.7,0
346.16,62.54,25.66,24.16,1
253.24,62.16,22.76,21.26,1
175.86,71.01,18.96,17.46,0
451.27,73.33,21.2,19.7,0
246.06,60.14,23.01,21.51,1
338.75,89.49,24.09,22.59,0
130.17,76.4,26.27,24.77,1
264.44,94.85,28.11,26.61,1
497.58,90.95,22.45,20.95,0
191.42,77.53,22.61,21.11,0
503.59,81.95,18.28,16.78,0
619.04,71.01,18.57,17.07,0
624.23,70.62,21.61,20.11,0
211.29,64.56,28.36,26.86,1
391.05,79.09,26.8,25.3,0
638.85,62.86,28.78,27.28,0
543.36,75.64,28.76,27.26,0
622.5,71.26,29.99,28.49,0
344.4,87.67,28.08,26.58,1
409.43,73.35,31.71,30.21,0
639.17,91.55,30.58,29.08,0
368.83,66.63,26.21,24.71,0
508.7,92.57,26.23,24.73,0
366.26,80.77,18.48,16.98,0
530.64,64.21,31.98,30.48,0
475.67,77.58,19.84,18.34,0
376.13,69.38,28.36,26.86,0
438.43,86.22,29.49,27.99,0
466.93,82.8,23.22,21.72,0
629.85,62.2,20.76,19.26,0
512.59,74.61,19.38,17.88,0
533.98,91.05,28.48,26.98,0
682.56,74.27,24.34,22.84,0
159.24,86.03,27.99,26.49,1
228.82,63.97,30.82,29.32,1
304.51,90.34,20.05,18.55,0
668.72,77.59,30.87,29.37,0
252.56,93.17,23.76,22.26,0
447.75,78.81,22.27,20.77,0
188.3,86.92,31.2,29.7,1
276.99,94.02,31.87,30.37,1
280.14,85.53,20.78,19.28,0
530.91,80.2,27.2,25.7,0
183.12,72.83,19.49,17.99,0
559.05,61.49,27.11,25.61,0
296.06,75.14,29.58,28.08,1
545.41,74.44,27.58,26.08,0
332.61,88.81,23.84,22.34,0
367.31,66.62,23.36,21.86,0
192.98,85.99,23.5,22.0,0
181.97,61.31,26.26,24.76,1
434.27,91.02,30.34,28.84,0
489.5,83.38,31.01,29.51,0
173.44,74.79,18.75,17.25,0
200.87,69.29,20.54,19.04,0
138.82,66.45,19.57,18.07,0
214.2,80.5,20.71,19.21,0
249.09,74.36,22.85,21.35,0
520.61,86.01,25.09,23.59,0
157.82,91.74,26.81,25.31,1
518.7,70.35,28.25,26.75,0
355.15,82.75,30.46,28.96,0
202.91,74.8,31.85,30.35,1
689.75,61.5,27.28,25.78,0
412.48,81.54,29.84,28.34,0
290.63,72.73,28.89,27.39,1
152.19,60.48,22.31,20.81,1
302.31,76.53,30.26,28.76,1
475.22,63.21,18.6,17.1,0
262.55,81.99,18.01,16.51,0
450.16,78.43,21.83,20.33,0
281.4,77.51,24.47,22.97,0
145.78,92.79,26.94,25.44,1
359.64,90.81,19.42,17.92,0
326.84,84.99,27.42,25.92,1
262.62,80.21,29.23,27.73,1
426.8,68.83,20.59,19.09,0
345.98,60.29,23.81,22.31,1
670.97,64.19,25.28,23.78,0
480.31,71.21,24.33,22.83,0
327.73,66.89,29.2,27.7,1
244.32,79.95,31.45,29.95,1
505.77,78.72,29.19,27.69,0
653.67,73.64,19.09,17.59,0
483.73,88.02,29.27,27.77,0
601.05,85.59,18.93,17.43,0
516.85,84.08,21.3,19.8,0
669.37,77.59,20.14,18.64,0
356.18,61.52,20.77,19.27,0
568.18,74.98,25.4,23.9,0
415.33,77.47,27.4,25.9,0
148.71,75.67,24.58,23.08,0
127.69,60.16,31.44,29.94,1
366.57,82.84,21.36,19.86,0
502.79,69.01,28.68,27.18,0
620.7,61.56,30.18,28.68,0
138.92,77.62,25.87,24.37,1
666.27,92.22,24.39,22.89,0
633.16,61.03,26.35,24.85,0
626.7,60.48,24.0,22.5,0
492.75,80.57,25.77,24.27,0
390.66,79.0,23.84,22.34,0
586.32,60.55,23.61,22.11,0
239.58,63.61,27.73,26.23,1
289.53,89.27,19.3,17.8,0
220.16,75.84,20.33,18.83,0
698.83,64.35,29.92,28.42,0
231.47,65.46,28.8,27.3,1
526.44,81.4,21.94,20.44,0
388.0,71.5,23.28,21.78,0
139.31,60.9,30.96,29.46,1
167.13,82.26,29.45,27.95,1
659.07,61.13,26.6,25.1,0
551.83,63.86,21.1,19.6,0
436.69,65.56,18.62,17.12,0
241.49,65.01,24.04,22.54,0
123.69,86.65,27.42,25.92,1
568.14,63.27,29.6,28.1,0
301.13,65.2,29.94,28.44,1
244.14,75.65,18.46,16.96,0
219.94,64.9,21.42,19.92,1
589.1,86.14,22.75,21.25,0
479.97,77.07,20.64,19.14,0
491.95,90.79,29.24,27.74,0
656.75,61.33,28.74,27.24,0
637.24,89.93,25.24,23.74,0
514.67,65.38,31.76,30.26,0
677.4,92.4,20.02,18.52,0
252.8,71.41,30.6,29.1,1
131.37,77.88,19.63,18.13,0
654.59,60.83,20.28,18.78,0
273.31,85.52,27.75,26.25,1
684.4,67.48,19.53,18.03,0
249.94,92.08,25.92,24.42,1
281.51,83.16,23.88,22.38,0
647.48,69.93,28.2,26.7,0
591.34,69.13,30.61,29.11,0
176.49,65.97,28.78,27.28,1
453.77,88.07,29.9,28.4,0
211.5,75.35,18.46,16.96,0
161.57,69.69,22.34,20.84,0
475.18,93.35,25.22,23.72,0
165.27,88.08,23.82,22.32,0
393.7,80.52,21.24,19.74,0
476.42,88.09,22.31,20.81,0
664.68,64.2,31.24,29.74,0
654.34,83.53,22.12,20.62,0
472.33,71.35,22.95,21.45,0
411.57,84.06,18.05,16.55,0
497.23,93.66,29.83,28.33,0
656.48,87.31,20.17,18.67,0
694.75,79.79,20.86,19.36,0
139.19,86.09,21.57,20.07,0
682.34,76.39,30.38,28.88,0
585.85,69.8,20.89,19.39,0
163.5,61.42,29.17,27.67,1
584.1,83.7,29.31,27.81,0
504.33,64.99,30.98,29.48,0
645.33,76.08,19.62,18.12,0
385.52,83.34,21.04,19.54,0
411.94,91.2,28.4,26.9,0
605.64,81.33,20.74,19.24,0
400.6,67.62,22.01,20.51,0
425.29,76.59,20.33,18.83,0
261.73,83.37,20.42,18.92,0
311.65,66.84,24.74,23.24,0
286.84,85.63,19.54,18.04,0
146.48,86.73,22.5,21.0,0
458.16,78.29,23.97,22.47,0
608.74,90.06,18.34,16.84,0
566.78,67.87,23.44,21.94,0
263.02,78.82,19.32,17.82,0
460.06,91.3,24.91,23.41,0
404.45,84.65,29.56,28.06,0
593.6,88.24,29.46,27.96,0
325.02,67.77,19.13,17.63,0
141.23,80.05,26.42,24.92,1
634.62,71.34,29.68,28.18,0
508.76,83.06,21.33,19.83,0
225.48,78.29,28.67,27.17,1
239.31,81.89,30.47,28.97,1
350.96,81.62,29.29,27.79,0
396.31,85.78,19.5,18.0,0
311.57,87.96,18.13,16.63,0
419.09,62.17,20.68,19.18,0
637.62,93.19,21.79,20.29,0
485.38,74.23,26.63,25.13,0
334.33,65.95,23.38,21.88,0
619.06,92.27,27.85,26.35,0
523.52,87.44,22.94,21.44,0
464.36,74.71,20.16,18.66,0
419.58,81.0,22.38,20.88,0
170.95,67.92,30.38,28.88,1
463.9,74.46,31.42,29.92,0
350.99,74.03,20.91,19.41,0
439.19,86.39,29.04,27.54,0
191.96,75.11,21.83,20.33,0
575.98,86.42,30.42,28.92,0
416.93,87.65,20.32,18.82,0
601.94,73.5,27.32,25.82,0
239.95,75.4,19.18,17.68,0
664.09,78.23,31.63,30.13,0
455.35,60.12,27.81,26.31,0
163.9,66.83,29.79,28.29,1
301.96,89.65,25.93,24.43,1
689.96,86.63,24.68,23.18,0
475.73,62.7,26.71,25.21,0
363.45,82.22,25.4,23.9,0
651.1,60.73,24.57,23.07,0
329.55,78.7,28.63,27.13,1
553.34,65.65,20.49,18.99,0
204.83,89.87,20.4,18.9,0
524.35,81.52,24.05,22.55,0
405.04,62.24,22.49,20.99,0
366.28,82.44,19.04,17.54,0
254.33,91.23,29.82,28.32,1
692.72,85.68,28.8,27.3,0
191.7,64.03,25.61,24.11,1
238.03,83.28,31.71,30.21,1
338.9,81.37,19.02,17.52,0
196.05,82.1,28.73,27.23,1
662.49,87.83,21.73,20.23,0
648.02,70.65,23.16,21.66,0
374.15,72.44,21.07,19.57,0
405.59,67.06,29.05,27.55,0
156.01,76.0,20.02,18.52,0
606.84,74.34,29.76,28.26,0
572.68,62.94,27.26,25.76,0
348.11,68.49,18.83,17.33,0
396.71,64.2,29.35,27.85,0
502.43,79.41,26.79,25.29,0
390.04,66.55,30.67,29.17,0
278.45,71.4,28.48,26.98,1
292.54,88.6,25.86,24.36,1
420.04,80.01,29.71,28.21,0
696.83,78.19,21.89,20.39,0
404.16,93.05,25.66,24.16,0
152.36,75.31,22.11,20.61,0
664.44,90.93,31.55,30.05,0
297.46,80.22,21.17,19.67,0
143.1,74.19,18.22,16.72,0
161.93,72.11,22.56,21.06,0
219.26,91.62,25.04,23.54,1
487.81,79.78,18.4,16.9,0
333.43,68.81,25.83,24.33,1
652.03,78.18,30.24,28.74,0
580.1,68.74,27.87,26.37,0
306.09,68.42,26.72,25.22,1
691.95,64.52,31.38,29.88,0
506.57,84.13,31.42,29.92,0
130.11,87.34,29.54,28.04,1
388.59,71.33,26.51,25.01,0
647.99,74.33,24.83,23.33,0
291.66,87.76,18.19,16.69,0
657.58,60.57,26.49,24.99,0
476.91,71.65,31.85,30.35,0
458.17,70.77,29.45,27.95,0
332.18,79.02,22.77,21.27,0
675.02,91.32,20.13,18.63,0
369.76,61.42,28.98,27.48,0
487.94,89.5,28.42,26.92,0
489.51,79.5,31.54,30.04,0
493.17,80.57,30.25,28.75,0
297.5,93.49,25.78,24.28,1
621.55,64.49,19.42,17.92,0
464.29,69.68,24.77,23.27,0
345.3,68.05,22.39,20.89,0
306.92,76.41,25.17,23.67,1
185.94,80.29,22.22,20.72,0
473.94,85.48,30.07,28.57,0
573.91,61.86,29.82,28.32,0
365.03,74.91,22.42,20.92,0
651.08,92.35,26.39,24.89,0
192.81,76.19,24.02,22.52,0
402.98,88.62,30.73,29.23,0
492.61,63.92,20.62,19.12,0
450.37,70.14,27.77,26.27,0
635.91,85.74,31.59,30.09,0
516.74,81.75,20.45,18.95,0
598.52,75.51,20.83,19.33,0
504.03,83.41,27.71,26.21,0
319.66,86.98,28.91,27.41,1
278.1,91.41,24.87,23.37,0
322.98,75.41,26.54,25.04,1
356.74,82.49,20.98,19.48,0
599.55,73.35,24.67,23.17,0
532.34,92.45,19.57,18.07,0
599.57,76.82,22.5,21.0,0
656.58,74.37,21.99,20.49,0
592.58,92.88,24.22,22.72,0
678.12,60.07,31.02,29.52,0
670.92,71.62,20.54,19.04,0
306.16,89.34,23.62,22.12,0
347.54,75.8,26.62,25.12,1
453.62,72.19,31.25,29.75,0
520.52,80.57,19.86,18.36,0
389.53,74.16,30.85,29.35,0
576.91,71.53,19.13,17.63,0
486.56,69.31,24.73,23.23,0
465.6,70.96,24.36,22.86,0
204.33,92.35,20.93,19.43,0
219.36,93.59,22.86,21.36,0
301.71,63.46,24.36,22.86,1
678.24,85.74,30.11,28.61,0
164.2,83.02,31.37,29.87,1
676.95,82.08,25.26,23.76,0
396.72,61.15,30.18,28.68,0
372.86,69.57,26.51,25.01,0
611.19,86.11,22.89,21.39,0
602.26,77.35,20.72,19.22,0
197.71,60.84,23.78,22.28,1
590.81,78.43,25.32,23.82,0
416.21,89.67,18.62,17.12,0
307.41,90.74,20.04,18.54,0
182.86,91.45,26.4,24.9,1
463.49,78.46,21.15,19.65,0
572.59,76.34,29.72,28.22,0
633.69,68.55,22.58,21.08,0
683.54,90.31,19.47,17.97,0
191.45,88.0,19.17,17.67,0
350.13,90.23,31.12,29.62,0
148.23,67.91,19.65,18.15,0
488.73,63.43,19.97,18.47,0
634.85,84.45,30.08,28.58,0
518.61,91.96,21.56,20.06,0
345.45,92.08,27.32,25.82,1
560.76,78.5,29.43,27.93,0
698.04,82.47,26.5,25.0,0
120.65,63.92,31.4,29.9,1
600.27,69.64,27.92,26.42,0
309.24,78.82,19.58,18.08,0
553.3,90.83,25.82,24.32,0
257.48,76.94,28.05,26.55,1
237.06,80.74,29.23,27.73,1
589.57,61.94,18.37,16.87,0
565.09,93.76,28.06,26.56,0
590.51,77.23,29.56,28.06,0
559.26,65.61,28.46,26.96,0
175.6,71.86,25.17,23.67,1
632.07,77.97,24.41,22.91,0
339.02,64.85,25.69,24.19,1
247.41,66.88,27.87,26.37,1
449.19,92.06,30.92,29.42,0
320.6,90.54,26.64,25.14,1
531.72,64.28,30.43,28.93,0
522.88,69.76,27.82,26.32,0
613.06,82.25,18.96,17.46,0
696.26,69.09,25.01,23.51,0
583.75,60.07,22.01,20.51,0
202.1,84.54,21.99,20.49,0
562.33,66.76,22.98,21.48,0
448.8,71.37,22.41,20.91,0
446.65,69.94,26.1,24.6,0
315.6,65.33,27.57,26.07,1
213.23,64.75,21.76,20.26,1
220.37,65.07,19.82,18.32,0
153.41,93.86,18.82,17.32,0
587.1,85.44,26.06,24.56,0
551.49,92.9,20.61,19.11,0
616.9,80.0,18.13,16.63,0
528.4,71.59,30.99,29.49,0
217.32,65.74,25.52,24.02,1
546.86,76.92,19.29,17.79,0
443.55,77.27,29.8,28.3,0
183.03,87.21,31.76,30.26,1
644.97,78.5,24.28,22.78,0
643.34,66.82,18.59,17.09,0
484.16,88.5,19.65,18.15,0
363.39,65.18,23.34,21.84,0
258.0,78.51,30.4,28.9,1
176.61,61.49,20.07,18.57,1
587.48,72.92,29.54,28.04,0
680.72,83.52,18.21,16.71,0
128.14,64.85,24.4,22.9,1
398.03,78.37,27.02,25.52,0
181.5,78.86,18.85,17.35,0
362.75,91.83,26.61,25.11,0
456.76,76.33,31.22,29.72,0
368.88,62.74,20.24,18.74,0
129.99,65.11,28.21,26.71,1
692.95,69.65,26.53,25.03,0
656.97,87.96,20.59,19.09,0
567.98,68.93,18.09,16.59,0
352.39,81.33,18.13,16.63,0
519.9,62.74,25.45,23.95,0
531.67,67.08,31.2,29.7,0
317.35,81.67,27.02,25.52,1
143.02,63.43,28.0,26.5,1
480.94,85.04,24.91,23.41,0
669.89,75.72,26.15,24.65,0
553.72,69.79,19.77,18.27,0
252.23,90.59,30.28,28.78,1
442.37,83.56,28.65,27.15,0
346.32,62.25,31.97,30.47,1
436.97,83.46,22.17,20.67,0
539.95,66.94,21.18,19.68,0
402.3,92.21,19.75,18.25,0
649.14,65.38,31.5,30.0,0
521.43,81.58,28.93,27.43,0
324.34,68.48,20.33,18.83,0
475.15,92.98,25.74,24.24,0
384.12,71.36,23.79,22.29,0
579.38,80.64,20.12,18.62,0
124.32,64.53,20.27,18.77,1
459.63,76.78,31.49,29.99,0
133.63,81.31,22.27,20.77,0
688.01,86.97,31.18,29.68,0
414.37,79.5,19.06,17.56,0
281.7,84.63,24.45,22.95,0
184.21,90.07,19.81,18.31,0
318.18,70.45,18.07,16.57,0
487.77,71.91,25.75,24.25,0
684.28,61.04,19.59,18.09,0
174.75,79.4,28.11,26.61,1
241.94,94.0,27.77,26.27,1
280.63,85.76,20.47,18.97,0
564.28,94.74,31.18,29.68,0
165.8,75.9,28.09,26.59,1
638.75,86.16,22.17,20.67,0
247.01,65.64,27.93,26.43,1
536.46,74.77,28.25,26.75,0
561.12,82.53,22.79,21.29,0
637.99,75.76,23.26,21.76,0
240.37,61.04,23.03,21.53,1
539.5,71.09,26.63,25.13,0
324.78,83.66,30.61,29.11,1
345.21,73.83,20.42,18.92,0
414.82,75.69,30.25,28.75,0
196.08,89.97,18.39,16.89,0
328.06,69.43,27.24,25.74,1
665.48,81.56,23.8,22.3,0
224.76,89.6,29.08,27.58,1
302.8,88.25,28.1,26.6,1
588.22,68.36,24.72,23.22,0
264.99,61.79,27.01,25.51,1
215.58,69.69,25.02,23.52,1
230.5,66.17,29.36,27.86,1
691.69,60.97,24.67,23.17,0
359.72,70.65,25.32,23.82,0
349.66,78.23,21.51,20.01,0
559.07,82.76,26.47,24.97,0
156.39,73.23,22.24,20.74,0
218.33,67.15,26.08,24.58,1
537.53,79.93,20.38,18.88,0
305.4,86.33,20.23,18.73,0
526.97,84.32,23.84,22.34,0
133.26,89.99,23.98,22.48,0
462.41,69.24,21.75,20.25,0
435.66,77.61,19.84,18.34,0
204.02,77.1,18.55,17.05,0
188.87,71.26,18.35,16.85,0
658.33,84.02,21.8,20.3,0
412.91,64.7,24.47,22.97,0
148.94,88.18,28.17,26.67,1
206.16,61.28,24.65,23.15,1
510.08,73.59,30.66,29.16,0
396.52,81.26,18.49,16.99,0
466.64,74.85,20.53,19.03,0
385.8,82.95,22.74,21.24,0
656.8,61.36,26.08,24.58,0
598.64,90.35,29.94,28.44,0
688.48,62.72,22.9,21.4,0
664.76,70.07,21.75,20.25,0
542.64,70.27,18.87,17.37,0
150.47,60.41,29.5,28.0,1
699.48,63.29,23.32,21.82,0
394.52,89.82,26.0,24.5,0
155.38,87.15,31.77,30.27,1
695.03,85.83,18.02,16.52,0
450.82,84.13,20.04,18.54,0
386.22,62.61,28.91,27.41,0
131.48,70.45,29.27,27.77,1
368.47,60.23,28.77,27.27,0
226.3,62.12,25.52,24.02,1
536.99,61.33,31.7,30.2,0
124.56,66.96,23.55,22.05,0
429.16,61.97,26.43,24.93,0
145.36,60.59,18.89,17.39,1
534.6,68.57,23.74,22.24,0
672.75,87.96,28.12,26.62,0
145.13,61.97,21.34,19.84,1
179.79,94.46,31.21,29.71,1
419.04,83.02,27.61,26.11,0
689.83,90.34,22.03,20.53,0
358.64,83.12,28.77,27.27,0
477.03,87.19,19.16,17.66,0
561.76,70.53,31.65,30.15,0
658.19,69.01,18.69,17.19,0
222.67,83.25,31.07,29.57,1
648.63,79.71,21.54,20.04,0
483.33,77.7,28.61,27.11,0
587.25,66.2,18.0,16.5,0
291.42,68.07,21.56,20.06,0
410.06,79.24,28.49,26.99,0
241.2,74.35,25.45,23.95,1
615.67,93.69,19.61,18.11,0
238.66,79.35,23.51,22.01,0
438.03,75.11,23.26,21.76,0
362.39,93.27,25.95,24.45,0
148.76,63.21,27.35,25.85,1
359.05,69.51,29.77,28.27,0
574.95,72.12,24.96,23.46,0
426.78,89.87,23.49,21.99,0
296.78,86.82,20.02,18.52,0
378.34,70.66,29.27,27.77,0
569.07,90.54,27.99,26.49,0
507.53,62.19,23.72,22.22,0
184.32,77.27,25.26,23.76,1
428.12,82.91,27.31,25.81,0
235.24,70.93,20.31,18.81,0
687.48,62.42,18.38,16.88,0
548.4,69.0,22.45,20.95,0
166.98,76.93,26.34,24.84,1
263.97,71.13,24.81,23.31,0
165.31,74.55,27.7,26.2,1
334.66,63.26,29.48,27.98,1
597.16,60.5,24.84,23.34,0
158.72,90.72,19.88,18.38,0
215.91,62.73,29.91,28.41,1
275.12,70.25,26.05,24.55,1
481.97,83.24,28.36,26.86,0
685.32,89.56,27.87,26.37,0
597.18,71.24,31.55,30.05,0
236.54,82.82,22.13,20.63,0
531.84,76.52,27.87,26.37,0
442.7,61.79,23.12,21.62,0
405.14,74.29,23.54,22.04,0
646.86,61.04,21.23,19.73,0
461.12,93.75,22.82,21.32,0
199.58,86.68,31.28,29.78,1
215.68,71.88,22.1,20.6,0
654.74,68.22,21.44,19.94,0
166.52,74.01,26.16,24.66,1
199.99,71.07,21.61,20.11,0
498.81,72.98,24.63,23.13,0
250.12,92.16,29.68,28.18,1
599.14,74.16,21.23,19.73,0
361.28,85.95,23.97,22.47,0
399.79,65.49,26.55,25.05,0
194.61,78.68,25.64,24.14,1
136.33,77.28,31.65,30.15,1
560.36,80.69,27.53,26.03,0
162.91,83.8,28.36,26.86,1
491.29,90.14,31.54,30.04,0
431.77,68.05,23.8,22.3,0
420.72,73.35,22.98,21.48,0
293.82,62.0,18.61,17.11,1
558.5,81.85,20.58,19.08,0
352.36,92.72,21.32,19.82,0
207.73,73.87,20.57,19.07,0
152.51,94.01,28.57,27.07,1
318.68,80.93,25.5,24.0,1
472.67,67.39,27.35,25.85,0
247.79,78.53,29.49,27.99,1
550.48,82.4,21.23,19.73,0
183.06,83.32,22.56,21.06,0
393.74,82.33,27.92,26.42,0
431.29,66.64,23.5,22.0,0
596.19,67.29,18.41,16.91,0
188.41,68.45,24.09,22.59,0
120.97,85.65,30.72,29.22,1
429.55,77.48,23.73,22.23,0
207.42,83.49,22.65,21.15,0
451.58,87.98,31.85,30.35,0
139.08,79.74,27.02,25.52,1
404.59,76.49,23.12,21.62,0
346.63,74.09,19.43,17.93,0
210.62,78.77,29.03,27.53,1
391.35,65.24,27.91,26.41,0
396.76,87.53,30.91,29.41,0
159.37,91.95,21.04,19.54,0
512.61,88.43,19.61,18.11,0
649.95,88.77,28.14,26.64,0
475.8,89.03,20.85,19.35,0
483.77,66.15,20.47,18.97,0
554.07,94.85,22.48,20.98,0
662.92,83.0,29.44,27.94,0
689.84,74.73,25.55,24.05,0
405.76,91.08,18.64,17.14,0
668.1,80.38,24.49,22.99,0
328.36,94.78,27.58,26.08,1
542.03,86.32,25.54,24.04,0
663.34,72.86,26.01,24.51,0
129.42,85.99,21.15,19.65,0
653.92,85.55,29.87,28.37,0
633.33,70.95,25.86,24.36,0
239.18,90.95,27.99,26.49,1
357.63,64.93,31.75,30.25,0
191.29,72.78,23.99,22.49,0
553.37,82.27,30.33,28.83,0
570.9,76.77,18.1,16.6,0
630.95,83.74,18.47,16.97,0
376.04,94.91,26.26,24.76,0
485.44,62.73,22.36,20.86,0
609.32,86.56,21.48,19.98,0
174.16,88.61,21.89,20.39,0
189.11,69.88,22.46,20.96,0
594.32,68.93,28.21,26.71,0
376.34,75.45,25.97,24.47,0
585.66,73.78,29.05,27.55,0
120.09,77.77,29.62,28.12,1
186.72,67.41,29.8,28.3,1
333.64,77.28,23.81,22.31,0
350.64,88.45,23.9,22.4,0
603.58,90.9,30.97,29.47,0
415.67,83.34,27.26,25.76,0
652.42,70.08,19.13,17.63,0
366.32,90.56,25.59,24.09,0
158.84,74.74,22.98,21.48,0
385.62,68.11,31.82,30.32,0
358.39,64.71,18.19,16.69,0
438.69,93.66,26.57,25.07,0
491.1,63.08,28.13,26.63,0
154.16,78.54,22.04,20.54,0
478.17,67.08,31.63,30.13,0
196.72,90.39,30.03,28.53,1
370.45,66.81,30.82,29.32,0
637.55,85.78,18.27,16.77,0
197.63,65.78,25.98,24.48,1
241.08,92.83,22.13,20.63,0
365.35,83.22,29.89,28.39,0
155.03,74.53,26.86,25.36,1
286.04,93.69,25.54,24.04,1
164.93,78.34,19.6,18.1,0
396.69,73.44,25.56,24.06,0
452.56,65.69,26.85,25.35,0
554.58,85.24,31.38,29.88,0
655.48,80.87,26.19,24.69,0
373.82,67.8,31.54,30.04,0
484.13,68.75,31.46,29.96,0
154.84,67.71,27.1,25.6,1
395.68,77.35,25.08,23.58,0
624.6,61.66,24.52,23.02,0
463.52,70.12,30.47,28.97,0
337.56,85.78,18.4,16.9,0
171.76,81.74,19.59,18.09,0
409.18,88.65,19.43,17.93,0
652.85,86.07,28.6,27.1,0
162.86,60.74,22.76,21.26,1
427.91,79.93,26.93,25.43,0
367.27,75.34,26.45,24.95,0
560.49,72.65,23.4,21.9,0
207.67,94.73,25.44,23.94,1
219.29,82.99,27.03,25.53,1
535.28,68.79,31.17,29.67,0
514.38,78.65,26.06,24.56,0
420.26,63.33,26.6,25.1,0
122.64,86.08,18.95,17.45,0
616.29,72.17,31.33,29.83,0
692.69,65.91,25.39,23.89,0
507.12,65.68,29.22,27.72,0
661.27,60.53,18.7,17.2,0
559.53,87.23,23.89,22.39,0
516.81,85.5,21.6,20.1,0
323.73,76.98,21.74,20.24,0
166.2,70.71,29.08,27.58,1
138.66,73.71,26.73,25.23,1
381.33,90.94,24.16,22.66,0
386.53,64.25,18.15,16.65,0
343.99,61.03,31.51,30.01,1
137.36,67.55,31.47,29.97,1
235.62,78.22,21.05,19.55,0
199.18,60.27,18.58,17.08,1
127.39,63.65,25.42,23.92,1
479.1,84.43,31.32,29.82,0
177.39,75.68,30.75,29.25,1
206.07,93.2,26.19,24.69,1
177.49,91.88,22.25,20.75,0
563.51,69.68,22.62,21.12,0
632.36,73.22,30.57,29.07,0
188.9,92.14,24.88,23.38,0
477.09,80.27,19.84,18.34,0
479.42,72.94,21.48,19.98,0
283.17,88.01,21.88,20.38,0
461.34,92.36,19.73,18.23,0
371.3,83.57,24.48,22.98,0
182.43,68.08,30.82,29.32,1
675.78,88.67,27.36,25.86,0
513.61,74.72,19.01,17.51,0
673.3,84.43,18.08,16.58,0
207.59,77.02,21.87,20.37,0
580.61,92.93,23.08,21.58,0
363.96,62.39,28.87,27.37,0
659.22,65.45,31.54,30.04,0
518.45,66.81,23.43,21.93,0
205.36,67.74,27.61,26.11,1
138.84,68.24,31.93,30.43,1
192.86,65.35,28.44,26.94,1
533.36,84.25,26.91,25.41,0
126.11,67.64,19.09,17.59,0
397.39,68.24,22.53,21.03,0
440.77,66.91,30.79,29.29,0
591.12,73.95,20.81,19.31,0
379.03,93.55,29.81,28.31,0
123.18,72.84,27.75,26.25,1
246.89,70.42,23.13,21.63,0
147.58,62.4,25.41,23.91,1
688.95,72.34,25.6,24.1,0
490.28,68.13,28.0,26.5,0
121.11,86.7,25.23,23.73,1
142.35,63.91,19.86,18.36,1
250.8,65.03,28.83,27.33,1
571.74,69.75,23.69,22.19,0
351.43,70.08,31.48,29.98,0
413.11,89.62,21.97,20.47,0
626.06,87.69,21.68,20.18,0
636.92,80.25,22.67,21.17,0
368.15,70.1,26.01,24.51,0
560.89,71.16,30.53,29.03,0
255.82,80.73,20.47,18.97,0
221.61,85.9,21.92,20.42,0
686.25,73.44,26.14,24.64,0
490.16,77.83,24.36,22.86,0
501.23,91.08,24.26,22.76,0
629.15,82.74,29.49,27.99,0
135.68,78.74,30.93,29.43,1
285.82,62.49,24.74,23.24,1
537.12,66.16,27.62,26.12,0
383.68,67.03,29.21,27.71,0
666.86,81.81,25.26,23.76,0
381.33,63.78,22.12,20.62,0
193.68,61.01,26.93,25.43,1
646.23,72.61,26.19,24.69,0
122.97,85.16,30.62,29.12,1
560.08,84.26,18.73,17.23,0
124.84,87.74,30.74,29.24,1
388.66,84.37,25.48,23.98,0
239.22,81.46,18.22,16.72,0
671.96,77.02,22.83,21.33,0
350.11,67.3,28.14,26.64,0
137.95,79.9,24.84,23.34,0
570.54,82.28,31.72,30.22,0
303.62,64.33,23.92,22.42,1
490.89,79.78,22.57,21.07,0
355.03,63.42,29.5,28.0,0
374.34,79.15,25.67,24.17,0
273.0,65.56,27.55,26.05,1
577.23,64.17,29.28,27.78,0
388.96,63.96,27.4,25.9,0
142.98,91.89,23.91,22.41,0
667.96,80.93,19.75,18.25,0
408.21,68.76,26.12,24.62,0
401.86,62.5,30.56,29.06,0
320.94,78.77,23.86,22.36,0
488.39,65.07,30.75,29.25,0
352.89,87.24,25.05,23.55,0
554.7,77.36,26.69,25.19,0
628.42,85.43,29.66,28.16,0
404.04,73.85,25.9,24.4,0
498.48,84.58,19.27,17.77,0
291.41,83.96,31.73,30.23,1
482.73,79.65,21.44,19.94,0
488.44,89.6,27.95,26.45,0
416.95,80.39,25.07,23.57,0
212.71,80.23,24.7,23.2,0
540.68,70.78,21.42,19.92,0
305.41,92.6,28.11,26.61,1
345.16,78.1,19.58,18.08,0
613.9,73.71,31.87,30.37,0
515.05,78.96,29.84,28.34,0
167.95,65.08,25.48,23.98,1
447.92,69.28,23.94,22.44,0
170.41,70.73,22.01,20.51,0
494.36,78.03,25.02,23.52,0
348.9,84.34,30.31,28.81,1
591.54,70.05,21.85,20.35,0
572.5,64.75,25.01,23.51,0
699.83,79.57,21.28,19.78,0
293.52,89.91,22.72,21.22,0
221.55,74.64,20.66,19.16,0
227.48,76.65,31.87,30.37,1
467.37,70.12,26.0,24.5,0
314.04,88.31,28.26,26.76,1
645.98,64.22,19.38,17.88,0
166.03,65.99,23.13,21.63,0
563.59,95.0,30.5,29.0,0
404.03,83.88,19.18,17.68,0
489.71,79.18,20.32,18.82,0
460.94,87.83,26.76,25.26,0
427.55,94.89,26.72,25.22,0
525.04,66.68,29.74,28.24,0
436.51,87.7,31.1,29.6,0
655.03,71.98,19.99,18.49,0
439.97,85.59,21.63,20.13,0
653.41,84.77,23.98,22.48,0
587.67,94.94,18.01,16.51,0
611.58,63.92,18.98,17.48,0
640.43,60.07,21.17,19.67,0
237.48,86.17,24.74,23.24,0
318.68,79.91,21.52,20.02,0
641.64,84.18,30.27,28.77,0
206.54,86.37,22.54,21.04,0
404.28,77.27,30.94,29.44,0
180.75,72.48,31.65,30.15,1
208.48,86.96,24.3,22.8,0
461.56,73.3,21.18,19.68,0
349.74,81.78,22.08,20.58,0
365.74,91.27,28.87,27.37,0
414.72,65.54,21.83,20.33,0
503.22,60.31,23.33,21.83,0
409.61,68.99,24.7,23.2,0
318.23,87.91,26.05,24.55,1
231.83,79.84,31.95,30.45,1
389.39,93.12,21.25,19.75,0
337.82,79.18,22.95,21.45,0
592.96,69.3,21.68,20.18,0
128.87,86.81,23.06,21.56,0
450.83,83.01,19.41,17.91,0
478.71,88.72,23.04,21.54,0
692.98,83.38,30.43,28.93,0
633.51,75.82,22.18,20.68,0
420.19,69.7,23.21,21.71,0
287.34,61.95,31.22,29.72,1
125.91,70.78,28.2,26.7,1
259.65,61.62,25.23,23.73,1
611.51,75.05,28.88,27.38,0
684.49,67.9,19.72,18.22,0
526.61,84.63,24.5,23.0,0
470.24,67.71,19.66,18.16,0
471.62,62.85,21.27,19.77,0
496.95,89.36,19.99,18.49,0
121.04,62.1,23.07,21.57,1
334.58,86.28,23.34,21.84,0
310.98,92.53,31.26,29.76,1
687.2,63.75,21.7,20.2,0
120.42,79.59,24.61,23.11,0
547.08,75.81,29.36,27.86,0
355.07,87.95,29.42,27.92,0
157.56,81.82,28.5,27.0,1
329.35,69.74,22.03,20.53,0
194.15,60.05,24.93,23.43,1
141.67,76.9,20.61,19.11,0
516.4,91.29,20.64,19.14,0
134.32,91.69,24.1,22.6,0
126.94,64.39,28.34,26.84,1
367.07,90.12,25.37,23.87,0
195.73,61.21,30.41,28.91,1
378.75,63.23,29.63,28.13,0
332.3,93.82,18.44,16.94,0
179.32,73.54,25.96,24.46,1
491.03,62.48,26.53,25.03,0
496.84,76.47,31.46,29.96,0
493.91,61.61,18.33,16.83,0
621.49,60.57,25.44,23.94,0
123.93,79.66,20.87,19.37,0
136.09,67.39,18.75,17.25,0
423.44,81.77,26.22,24.72,0
390.29,71.71,28.82,27.32,0
694.53,64.64,28.85,27.35,0
327.37,94.45,18.42,16.92,0
345.68,68.75,23.7,22.2,0
604.71,62.17,18.62,17.12,0
481.39,69.76,21.47,19.97,0
161.22,68.81,20.7,19.2,0
153.44,70.49,21.01,19.51,0
426.56,72.45,22.75,21.25,0
350.13,88.18,21.88,20.38,0
546.55,62.09,31.47,29.97,0
484.28,72.41,22.93,21.43,0
120.18,63.63,30.52,29.02,1
129.79,94.38,20.53,19.03,0
607.03,65.04,28.69,27.19,0
215.46,76.77,18.86,17.36,0
450.37,76.8,24.48,22.98,0
665.49,87.34,18.08,16.58,0
680.63,69.53,29.34,27.84,0
609.67,85.82,31.31,29.81,0
635.58,60.92,18.49,16.99,0
644.93,92.45,31.07,29.57,0
164.4,63.46,28.83,27.33,1
617.2,76.83,23.02,21.52,0
361.12,66.07,30.72,29.22,0
144.75,72.9,22.15,20.65,0
429.24,82.47,23.73,22.23,0
187.69,64.99,19.35,17.85,1
165.89,70.12,27.2,25.7,1
391.2,83.77,18.41,16.91,0
302.57,89.56,24.79,23.29,0
631.16,80.75,27.56,26.06,0
303.04,78.3,29.5,28.0,1
597.09,63.84,20.1,18.6,0
122.84,65.13,28.56,27.06,1
670.54,93.54,28.07,26.57,0
151.51,60.09,25.83,24.33,1
272.47,76.95,26.19,24.69,1
134.43,86.47,19.28,17.78,0
676.43,67.35,26.41,24.91,0
149.98,76.08,23.34,21.84,0
322.42,77.26,30.15,28.65,1
505.03,69.11,22.38,20.88,0
306.77,90.76,26.07,24.57,1
124.34,92.38,23.97,22.47,0
259.53,86.23,30.27,28.77,1
534.52,60.3,21.55,20.05,0
339.4,82.01,19.1,17.6,0
595.77,68.12,28.48,26.98,0
548.61,69.35,23.78,22.28,0
459.87,66.43,26.25,24.75,0
174.8,80.03,18.37,16.87,0
689.56,75.64,31.33,29.83,0
421.99,66.77,30.29,28.79,0
270.9,92.64,26.73,25.23,1
469.24,68.37,18.24,16.74,0
529.93,87.26,23.29,21.79,0
391.15,60.86,31.7,30.2,0
492.26,66.42,27.54,26.04,0
182.66,88.66,20.25,18.75,0
626.96,78.77,24.45,22.95,0
514.82,82.61,31.53,30.03,0
568.33,75.01,25.49,23.99,0
185.97,75.25,18.34,16.84,0
421.2,64.39,26.68,25.18,0
521.7,65.98,21.8,20.3,0
422.92,92.16,19.38,17.88,0
177.54,76.02,23.64,22.14,0
155.18,76.54,25.82,24.32,1
477.29,83.32,18.24,16.74,0
582.2,60.49,25.83,24.33,0
698.04,78.64,25.16,23.66,0
449.57,90.99,29.11,27.61,0
253.11,74.61,23.93,22.43,0
354.94,74.44,25.75,24.25,0
181.85,75.87,28.39,26.89,1
360.04,89.93,30.56,29.06,0
607.3,81.35,23.32,21.82,0
346.32,86.16,26.42,24.92,1
150.01,85.14,27.72,26.22,1
216.23,61.78,18.61,17.11,1
508.41,94.18,29.21,27.71,0
520.91,84.72,23.28,21.78,0
234.86,80.3,27.38,25.88,1
589.88,61.58,24.6,23.1,0
282.9,92.13,27.83,26.33,1
442.31,76.43,28.14,26.64,0
298.47,91.89,20.68,19.18,0
522.01,74.64,27.27,25.77,0
337.89,80.21,29.92,28.42,1
561.85,91.28,21.3,19.8,0
400.39,76.13,28.61,27.11,0
491.36,66.28,26.87,25.37,0
657.11,74.88,31.37,29.87,0
372.5,73.36,21.64,20.14,0
439.37,85.58,20.16,18.66,0
229.69,89.43,22.37,20.87,0
522.19,60.4,21.61,20.11,0
243.37,77.32,28.6,27.1,1
520.18,69.35,28.26,26.76,0
655.45,65.76,27.38,25.88,0
665.95,83.3,21.03,19.53,0
585.06,89.24,30.07,28.57,0
432.7,79.05,31.39,29.89,0
605.59,66.78,25.44,23.94,0
385.5,86.29,27.09,25.59,0
338.61,78.25,25.01,23.51,1
527.35,88.16,21.97,20.47,0
240.25,93.77,22.01,20.51,0
163.08,74.68,22.39,20.89,0
332.3,71.17,20.67,19.17,0
317.57,69.87,30.63,29.13,1
189.9,84.18,30.02,28.52,1
615.65,94.02,24.46,22.96,0
507.53,70.0,23.14,21.64,0
134.96,76.18,31.15,29.65,1
433.29,80.17,21.11,19.61,0
209.21,93.39,25.75,24.25,1
416.51,68.65,18.76,17.26,0
567.33,93.66,20.68,19.18,0
359.57,78.34,26.46,24.96,0
466.18,85.49,27.27,25.77,0
436.93,87.35,26.13,24.63,0
455.01,65.76,30.17,28.67,0
397.31,94.12,31.91,30.41,0
216.88,94.16,28.69,27.19,1
260.14,90.32,24.51,23.01,0
638.55,89.52,29.68,28.18,0
548.16,71.42,19.69,18.19,0
690.06,89.82,27.57,26.07,0
151.4,91.09,25.26,23.76,1
303.61,69.33,20.49,18.99,0
676.39,65.97,31.62,30.12,0
374.84,86.49,22.74,21.24,0
470.52,80.22,26.62,25.12,0
450.45,63.78,30.3,28.8,0
201.6,73.98,25.09,23.59,1
544.04,71.62,19.61,18.11,0
153.82,83.12,29.46,27.96,1
432.02,74.71,22.94,21.44,0
440.53,82.7,31.76,30.26,0
237.07,87.98,30.37,28.87,1
555.25,84.75,29.95,28.45,0
639.78,81.61,22.99,21.49,0
687.86,91.73,28.6,27.1,0
135.55,68.67,31.81,30.31,1
299.64,77.76,25.37,23.87,1
656.4,86.46,24.59,23.09,0
149.29,67.84,18.21,16.71,0
277.77,67.41,27.8,26.3,1
429.37,83.95,30.02,28.52,0
549.31,87.32,21.46,19.96,0
252.27,91.02,22.41,20.91,0
294.2,75.69,25.01,23.51,1
232.83,85.07,19.01,17.51,0
376.98,65.98,19.25,17.75,0
412.52,71.02,23.9,22.4,0
641.55,82.12,21.66,20.16,0
567.04,65.18,23.68,22.18,0
534.9,93.45,24.36,22.86,0
452.15,64.48,31.67,30.17,0
310.58,87.19,31.22,29.72,1
160.64,71.15,19.96,18.46,0
270.11,85.65,30.36,28.86,1
232.92,74.17,19.12,17.62,0
252.18,86.17,25.11,23.61,1
251.53,91.51,20.29,18.79,0
369.72,80.87,23.12,21.62,0
340.81,65.74,28.41,26.91,1
315.49,93.29,23.94,22.44,0
631.12,78.64,29.3,27.8,0
237.59,68.38,28.06,26.56,1
214.92,74.29,31.2,29.7,1
164.08,85.24,25.48,23.98,1
656.42,92.74,29.23,27.73,0
232.72,91.73,22.52,21.02,0
451.92,64.91,22.84,21.34,0
336.76,90.51,23.61,22.11,0
442.07,80.66,23.75,22.25,0
492.69,74.34,19.45,17.95,0
607.24,76.25,25.27,23.77,0
414.21,87.81,19.36,17.86,0
309.8,89.57,30.46,28.96,1
225.03,83.03,18.87,17.37,0
471.95,62.05,24.3,22.8,0
196.56,88.3,21.99,20.49,0
616.37,60.9,20.17,18.67,0
136.12,73.57,28.97,27.47,1
610.27,75.55,28.01,26.51,0
247.16,77.71,20.04,18.54,0
402.96,68.96,26.86,25.36,0
543.7,74.67,29.1,27.6,0
574.82,87.56,28.83,27.33,0
353.03,69.49,19.29,17.79,0
409.68,88.46,27.6,26.1,0
137.15,60.44,28.02,26.52,1
319.54,65.0,30.07,28.57,1
271.72,92.39,25.11,23.61,1
346.24,76.46,24.46,22.96,0
294.52,61.78,31.51,30.01,1
212.65,81.37,29.15,27.65,1
666.2,75.96,25.82,24.32,0
368.98,63.1,22.63,21.13,0
489.93,72.18,29.83,28.33,0
657.52,81.5,24.38,22.88,0
452.03,81.97,19.3,17.8,0
193.66,91.04,24.37,22.87,0
577.38,77.24,30.21,28.71,0
569.31,63.67,24.28,22.78,0
354.67,63.97,18.2,16.7,0
432.85,74.59,26.56,25.06,0
366.43,66.49,31.94,30.44,0
250.06,92.23,29.44,27.94,1
562.49,67.42,26.64,25.14,0
551.77,73.17,30.8,29.3,0
495.29,77.93,29.39,27.89,0
384.27,71.56,24.98,23.48,0
389.59,83.26,26.28,24.78,0
293.1,81.18,28.24,26.74,1
274.12,92.88,29.85,28.35,1
612.4,89.12,18.81,17.31,0
618.44,81.1,28.85,27.35,0
128.9,75.63,24.27,22.77,0
537.37,81.52,27.25,25.75,0
311.35,81.81,28.7,27.2,1
653.22,69.44,25.55,24.05,0
260.43,66.23,20.22,18.72,0
314.53,78.17,23.73,22.23,0
553.45,70.75,19.08,17.58,0
162.98,73.48,27.65,26.15,1
530.66,60.06,31.35,29.85,0
511.31,83.86,29.13,27.63,0
296.33,62.03,23.46,21.96,1
533.41,85.74,26.18,24.68,0
643.7,67.28,22.26,20.76,0
586.29,65.77,25.57,24.07,0
420.35,81.02,22.21,20.71,0
196.82,94.42,28.34,26.84,1
637.56,74.77,21.63,20.13,0
404.04,90.43,31.5,30.0,0
356.57,62.16,27.27,25.77,0
437.7,77.8,18.96,17.46,0
243.86,83.86,18.15,16.65,0
314.99,73.14,31.96,30.46,1
546.59,64.53,21.09,19.59,0
446.82,60.54,22.38,20.88,0
562.12,73.54,20.92,19.42,0
561.94,86.0,30.99,29.49,0
557.08,94.67,27.13,25.63,0
203.63,76.21,25.06,23.56,1
497.12,70.32,25.81,24.31,0
398.5,72.13,22.45,20.95,0
156.01,63.22,26.6,25.1,1
604.33,75.75,23.87,22.37,0
247.43,81.95,20.79,19.29,0
127.51,81.83,27.19,25.69,1
493.19,60.45,23.23,21.73,0
219.82,82.18,28.99,27.49,1
155.79,83.3,23.82,22.32,0
661.59,77.57,25.12,23.62,0
206.12,93.07,29.02,27.52,1
421.63,69.03,24.27,22.77,0
333.03,89.82,31.53,30.03,1
145.95,66.1,29.1,27.6,1
302.33,69.17,29.57,28.07,1
323.27,67.17,31.35,29.85,1
406.19,90.99,23.44,21.94,0
529.91,87.77,26.12,24.62,0
699.99,75.77,27.71,26.21,0
420.77,73.23,27.43,25.93,0
666.8,60.45,31.34,29.84,0
425.92,84.57,22.04,20.54,0
464.34,93.77,22.08,20.58,0
200.66,87.25,30.85,29.35,1
451.08,68.16,29.19,27.69,0
271.13,69.26,20.85,19.35,0
278.95,74.8,25.98,24.48,1
371.65,74.27,28.44,26.94,0
499.17,68.13,22.94,21.44,0
478.05,87.71,24.08,22.58,0
297.64,87.51,26.06,24.56,1
136.68,84.73,24.54,23.04,0
261.55,60.17,28.54,27.04,1
382.64,92.11,18.08,16.58,0
647.52,71.81,24.08,22.58,0
474.01,61.01,22.73,21.23,0
628.95,82.31,26.53,25.03,0
464.54,85.82,28.86,27.36,0
377.04,83.48,19.07,17.57,0
310.58,73.68,20.21,18.71,0
682.65,90.14,27.31,25.81,0
397.38,72.48,28.34,26.84,0
328.36,78.84,26.23,24.73,1
646.48,92.26,31.76,30.26,0
590.88,85.48,24.99,23.49,0
461.47,63.31,19.91,18.41,0
448.32,87.2,27.61,26.11,0
408.46,91.56,26.43,24.93,0
175.86,88.89,26.27,24.77,1
518.75,76.69,25.64,24.14,0
337.81,88.88,31.15,29.65,1
129.87,62.65,19.81,18.31,1
541.11,68.9,19.02,17.52,0
195.0,90.34,20.16,18.66,0
582.79,61.45,21.43,19.93,0
270.55,73.93,26.3,24.8,1
460.12,90.12,26.57,25.07,0
450.46,75.6,21.26,19.76,0
222.58,62.96,24.85,23.35,1
374.64,76.07,24.75,23.25,0
595.04,85.63,24.34,22.84,0
683.75,71.07,29.25,27.75,0
130.54,91.73,24.6,23.1,0
205.06,92.93,28.62,27.12,1
478.11,65.87,20.33,18.83,0
121.46,63.27,25.45,23.95,1
559.63,70.48,29.54,28.04,0
458.15,76.42,20.49,18.99,0
510.26,65.5,24.51,23.01,0
482.06,68.45,26.53,25.03,0
467.43,92.67,20.59,19.09,0
179.4,85.02,28.59,27.09,1
256.43,80.93,19.11,17.61,0
389.07,84.78,31.25,29.75,0
313.95,60.1,24.56,23.06,1
574.18,65.09,22.71,21.21,0
511.66,84.21,19.64,18.14,0
300.65,85.02,24.06,22.56,0
671.63,89.85,27.24,25.74,0
493.66,80.49,19.32,17.82,0
611.04,79.5,22.29,20.79,0
